Const;Your Rating
tt11655202;7
tt38798411;7
tt1369706;7
tt1333050;4
tt0100260;6
tt0265349;6
tt31183637;8
tt13745850;7
tt38457052;7
tt9425132;7
tt21946032;7
tt8488126;8
tt30027727;8
tt0112461;7
tt16426570;6
tt13729648;8
tt14586350;7
tt0420293;3
tt1595859;6
tt3187076;7
tt22023218;6
tt27657135;7
tt0109424;5
tt27552099;6
tt1578887;7
tt39744394;6
tt0048728;6
tt1127180;6
tt0068135;6
tt0071042;6
tt0061266;6
tt0058791;6
tt0060009;6
tt0052451;6
tt0074042;6
tt0069599;6
tt8036976;7
tt0219699;6
tt28692332;6
tt10016814;8
tt2235695;6
tt21964626;6
tt0095897;6
tt1124373;9
tt0032976;6
tt1077258;6
tt1835129;7
tt0174378;6
tt1832045;6
tt0264235;10
tt26682012;6
tt1183251;6
tt11827628;6
tt0120894;6
tt0211933;6
tt1809362;6
tt0787490;6
tt1836195;6
tt0801294;6
tt31974367;7
tt0423646;6
tt0081873;6
tt14671678;5
tt19864828;5
tt1103982;3
tt6019206;8
tt13923084;5
tt31050594;6
tt14999684;4
tt3846642;6
tt15338966;6
tt21344706;7
tt0477311;6
tt18272208;6
tt0378793;6
tt0328538;6
tt14022668;7
tt0112922;6
tt0402850;6
tt0756509;5
tt4288182;6
tt24948454;6
tt20863760;6
tt0445114;7
tt13542714;6
tt13649396;6
tt5607976;6
tt23897504;6
tt4712810;5
tt31184028;5
tt34719392;6
tt6889090;6
tt15303234;6
tt14134730;3
tt31974288;6
tt24512588;6
tt1183865;6
tt30274401;5
tt33382323;5
tt7405458;6
tt12908150;7
tt6151526;6
tt8008948;6
tt3078242;8
tt29780951;5
tt8879940;7
tt6874690;6
tt0039628;5
tt3768572;7
tt9362736;7
tt8999762;6
tt12299608;7
tt11231226;3
tt20516590;5
tt14364480;7
tt14107334;6
tt17717416;6
tt0425118;7
tt1379182;5
tt22408160;6
tt21874396;6
tt6604188;5
tt1232320;6
tt6905686;7
tt12300742;7
tt9783600;6
tt14367168;6
tt6622316;5
tt10590066;6
tt10946316;7
tt4998350;8
tt26896414;6
tt29644189;4
tt7144666;8
tt10234724;7
tt5040012;6
tt9663896;6
tt0087538;7
tt37445809;6
tt27599851;6
tt1587669;5
tt1837576;4
tt10548174;4
tt15514498;6
tt28443655;6
tt32299316;6
tt33502160;6
tt30144839;7
tt5950044;6
tt0386950;9
tt10245072;6
tt33079160;7
tt32063098;7
tt31973693;6
tt11539996;7
tt20990442;4
tt30645201;6
tt0084049;6
tt0097481;6
tt0088414;6
tt0098282;7
tt0098645;6
tt0088850;6
tt0093748;6
tt0098536;6
tt0088161;5
tt0089370;6
tt0098621;6
tt0082198;5
tt0089092;7
tt0074812;7
tt0085811;6
tt0080745;6
tt0085051;6
tt29547746;9
tt26446278;6
tt9603208;6
tt9603212;6
tt12643882;6
tt1312221;10
tt28249919;7
tt15435876;8
tt31193180;6
tt28082769;7
tt15837600;2
tt35456246;8
tt7569576;6
tt21942598;7
tt5719748;6
tt19500224;6
tt14245846;6
tt31609000;5
tt21103218;6
tt27721737;1
tt1189073;6
tt4216984;7
tt9140560;7
tt0960136;5
tt18412256;6
tt1634549;7
tt29457135;6
tt11859542;6
tt1606375;5
tt20268688;4
tt9845070;6
tt1024715;7
tt1439629;5
tt0402711;5
tt23221806;6
tt32558992;5
tt10888876;5
tt31844356;6
tt6021284;3
tt11157300;3
tt6560040;6
tt2049403;6
tt1837642;3
tt20477492;6
tt33043892;7
tt17372734;6
tt16418808;8
tt7130300;3
tt31511689;2
tt0388644;8
tt0770802;5
tt0057565;7
tt12001534;6
tt13207736;8
tt26671996;6
tt0042876;7
tt21800162;8
tt16491560;4
tt0408378;5
tt20212786;6
tt32246771;6
tt28996126;6
tt0133751;6
tt6474236;8
tt3402138;7
tt27813235;7
tt4045450;3
tt26581740;7
tt21097192;6
tt14417718;7
tt13966962;7
tt31567422;6
tt23060698;4
tt6297682;8
tt1535616;6
tt0263488;6
tt0120828;6
tt0102768;6
tt0100404;7
tt0139134;5
tt0267913;4
tt0118276;4
tt26342662;5
tt32252772;7
tt23149780;6
tt13186306;4
tt16280912;6
tt0112722;6
tt0805663;6
tt32237537;6
tt30024043;6
tt32149847;5
tt31806049;3
tt15469192;5
tt1327773;6
tt8362852;5
tt32893509;4
tt1936532;6
tt18988142;6
tt29921070;6
tt7068946;6
tt2140479;7
tt9150192;4
tt32550101;5
tt0934946;8
tt0063929;9
tt0085959;9
tt0083131;6
tt0105793;5
tt0077975;9
tt0086465;9
tt0118747;3
tt0080455;9
tt1964624;7
tt5569404;5
tt10128846;7
tt14714980;6
tt16549788;4
tt17043230;5
tt0497298;6
tt33029833;5
tt0899043;5
tt0119527;5
tt5798078;3
tt18347622;6
tt30988739;6
tt13444912;5
tt0221069;6
tt30841606;6
tt15552142;6
tt30472032;6
tt35628853;6
tt36484269;7
tt14463552;4
tt9100054;6
tt3203528;2
tt21815562;6
tt21823606;7
tt17677860;6
tt0110944;6
tt0075809;6
tt33474172;6
tt8760932;3
tt0069280;6
tt2356777;10
tt30955489;6
tt36614653;7
tt0164181;6
tt0034478;6
tt31433402;2
tt27714946;6
tt0330229;6
tt9155512;6
tt1838544;6
tt0108358;6
tt0435528;6
tt22375054;7
tt2304589;6
tt9327706;6
tt14164730;7
tt0087803;7
tt15977292;6
tt14962342;6
tt14827638;4
tt0204686;4
tt28015403;7
tt32138523;7
tt23664162;6
tt14509110;6
tt8290414;3
tt4857264;9
tt11564258;7
tt0364385;3
tt0181984;6
tt29603959;6
tt1139282;6
tt0296042;2
tt0490076;5
tt15451150;6
tt24249072;6
tt0800240;6
tt1010271;5
tt0104389;5
tt27406675;5
tt0096163;7
tt2826648;6
tt10163204;6
tt2129887;7
tt35629774;7
tt20832442;7
tt0095631;6
tt6742252;8
tt0227445;6
tt3561180;6
tt8368368;8
tt0090094;2
tt3045628;6
tt32648798;6
tt30321146;4
tt0464196;6
tt31029686;7
tt8682948;7
tt6263850;6
tt31806037;8
tt36071428;6
tt0090163;9
tt26314987;6
tt0076150;7
tt4163636;8
tt14773940;6
tt1289406;6
tt0065571;5
tt5113010;6
tt11127690;6
tt13654226;6
tt12810074;6
tt26470109;6
tt2071550;5
tt10166622;8
tt28784834;6
tt15128358;8
tt24695266;2
tt32047217;3
tt8134186;6
tt10888878;6
tt31032711;6
tt0120633;7
tt7695916;6
tt0097889;6
tt24577462;4
tt26584495;6
tt6519410;6
tt27349314;6
tt15445056;8
tt30292390;6
tt26625693;7
tt13186264;6
tt23468450;6
tt21991654;6
tt4768764;5
tt0143145;6
tt0120347;6
tt0063688;6
tt0155267;6
tt1291570;6
tt28150132;6
tt31019484;5
tt1800302;7
tt32916240;1
tt5687270;6
tt8185098;6
tt14415204;6
tt11471892;6
tt0364045;3
tt17009348;6
tt0069960;7
tt1937149;7
tt12748084;6
tt32245158;7
tt18363072;6
tt8337290;6
tt6998518;6
tt14539318;6
tt11950864;8
tt0074226;3
tt16300962;8
tt3216586;7
tt26744289;5
tt30021427;6
tt14217100;6
tt3704700;6
tt21382296;6
tt0472254;5
tt27835314;3
tt13649112;6
tt2011159;5
tt27403986;8
tt0489664;6
tt27995113;6
tt17526714;4
tt7286456;8
tt11315808;6
tt2861424;7
tt0077369;6
tt29485675;6
tt34350086;10
tt0093137;6
tt28372167;6
tt24058664;6
tt29268110;4
tt5194792;6
tt0063010;8
tt21068514;6
tt13315324;1
tt0285861;6
tt29550481;6
tt16294384;7
tt23790924;6
tt9466596;7
tt0099740;6
tt13018148;4
tt10514222;7
tt28372209;7
tt1149608;5
tt14230458;5
tt27207590;6
tt14857528;4
tt1565810;6
tt0082677;6
tt0102820;6
tt0455584;5
tt0446719;6
tt18792604;5
tt24807110;6
tt6290798;7
tt26545971;1
tt27534307;6
tt8049666;8
tt3398228;5
tt9698480;5
tt7737800;7
tt15398776;9
tt32389619;6
tt14966898;6
tt4978420;6
tt4196566;5
tt15340206;5
tt33484071;5
tt24478470;4
tt31796256;6
tt7772588;8
tt13433802;6
tt31189881;8
tt22773012;6
tt22754212;2
tt6856242;7
tt7137906;7
tt14257582;6
tt14371860;6
tt30217143;5
tt14577874;7
tt27729779;4
tt12573480;6
tt3595806;6
tt22048412;6
tt14858658;6
tt0058898;5
tt9174600;6
tt26753003;7
tt9055008;6
tt11908172;6
tt26736843;5
tt1652216;6
tt0408381;7
tt15574270;7
tt0404390;7
tt13280054;6
tt27489557;6
tt1433108;6
tt28301898;6
tt5648882;6
tt1226837;7
tt9319668;6
tt22646714;5
tt0342735;8
tt21962590;5
tt0323939;6
tt0119989;6
tt20234774;7
tt12304420;6
tt28197236;7
tt5827228;6
tt11893676;3
tt7340738;7
tt20833168;6
tt22780536;6
tt0436992;5
tt10370710;5
tt21387514;6
tt0337792;7
tt1075114;6
tt1467273;5
tt9100018;6
tt8332438;8
tt32245043;6
tt0069281;8
tt30005621;6
tt0857265;6
tt6906292;6
tt2290789;6
tt4645368;7
tt22001304;6
tt26612950;7
tt6506264;6
tt21340020;7
tt0119094;6
tt22892896;7
tt3917710;6
tt17279496;7
tt15342244;6
tt9214772;6
tt3612616;7
tt12312250;7
tt21279806;6
tt6752992;5
tt14253846;8
tt0086779;6
tt0105121;6
tt27578157;6
tt15711610;4
tt11988676;6
tt15758760;6
tt19356262;6
tt21308888;6
tt9362492;6
tt11700260;7
tt22939186;6
tt20256448;6
tt0481452;6
tt9815502;6
tt4572514;7
tt5664952;7
tt6231158;4
tt0353969;6
tt14168162;7
tt8415836;7
tt10023022;6
tt5344804;7
tt5215952;6
tt14914430;6
tt1758810;6
tt9907782;7
tt6817944;1
tt14678156;6
tt12412166;4
tt9893250;3
tt0127349;6
tt15502356;6
tt0337921;6
tt0119488;9
tt0077681;6
tt8511466;7
tt18298588;6
tt15358446;6
tt31747163;6
tt19397304;6
tt0117468;4
tt0061287;8
tt15683734;5
tt1043714;3
tt1439741;6
tt21815772;6
tt15733560;5
tt31522158;4
tt0362225;6
tt4370528;6
tt3489184;5
tt5537002;9
tt10275534;6
tt15676664;6
tt19395018;6
tt15376894;7
tt0037988;6
tt12819094;6
tt11097384;6
tt15056700;6
tt13016388;6
tt29420686;7
tt27727621;6
tt5715524;5
tt0498353;5
tt0251736;4
tt0303816;6
tt20883126;5
tt7375404;7
tt0758737;6
tt0065088;6
tt10451312;6
tt23561236;7
tt25375256;6
tt10272386;9
tt2212008;6
tt3487356;6
tt15374070;3
tt7349016;6
tt14764464;6
tt5580540;6
tt17009710;6
tt22016156;5
tt18550140;7
tt12748562;6
tt15314262;6
tt11773810;6
tt12754776;5
tt14813150;7
tt1448754;6
tt10313176;5
tt0360486;5
tt9179552;7
tt5008688;6
tt5611024;6
tt16277242;8
tt12747748;7
tt4589218;6
tt8002382;6
tt15799866;6
tt3038708;5
tt14846026;7
tt8258502;7
tt10795658;6
tt2575968;6
tt6038584;5
tt1034314;6
tt14954498;6
tt5207522;6
tt7644680;3
tt6236572;6
tt13365348;7
tt0344487;7
tt0458253;6
tt16304446;7
tt18351790;6
tt10131024;6
tt10399608;6
tt7991508;6
tt21807222;6
tt20215670;6
tt1000734;6
tt9679608;5
tt11198928;6
tt8290362;8
tt20916568;6
tt2481480;6
tt10731840;7
tt10638522;5
tt3502248;8
tt5011816;5
tt3385524;7
tt14807348;5
tt0090021;6
tt13309170;6
tt0412142;5
tt4687880;8
tt3428912;7
tt4667888;4
tt6828390;7
tt24855920;6
tt19842834;7
tt7042862;6
tt6040674;7
tt21867434;6
tt14781036;6
tt5287808;9
tt27470288;7
tt11858890;5
tt12222976;4
tt5710514;7
tt6548228;8
tt1136617;6
tt11080824;6
tt7008682;8
tt4976512;6
tt8593252;6
tt13968674;6
tt1001520;7
tt0062430;6
tt4579480;6
tt6938856;8
tt0095388;7
tt1001555;4
tt7526498;5
tt12311620;7
tt21638298;7
tt24870072;5
tt22687790;7
tt6903284;6
tt14716272;3
tt21158494;1
tt14379784;8
tt13382698;6
tt19175696;3
tt10574558;7
tt18556326;6
tt10110614;6
tt0088889;6
tt11703244;2
tt8550800;7
tt26350277;6
tt2953250;8
tt21113540;7
tt9204328;6
tt11426232;1
tt0439572;6
tt14400246;6
tt26547864;6
tt11324406;7
tt25375244;6
tt17024450;4
tt0372784;7
tt1345836;7
tt0468569;7
tt1054606;6
tt11358390;7
tt1548850;5
tt0252503;6
tt15115280;6
tt13521006;6
tt5104604;8
tt15364972;6
tt13274016;7
tt15789472;7
tt9362930;4
tt0055304;7
tt15006566;7
tt1478964;6
tt0164052;6
tt9873892;6
tt6931658;6
tt0106004;6
tt10365998;6
tt26674627;6
tt3427252;5
tt11687104;6
tt20330434;7
tt10395136;6
tt8080204;1
tt11525188;6
tt2316204;7
tt1446714;7
tt1119644;6
tt10980638;6
tt18260564;2
tt10314450;7
tt18954258;4
tt4975920;6
tt4896168;4
tt13195218;4
tt8155288;2
tt3201640;6
tt3319460;6
tt0292963;7
tt13456976;6
tt1473832;1
tt7177754;3
tt2980696;7
tt1615160;7
tt12474056;7
tt13857556;6
tt2397535;8
tt12547822;7
tt7985704;6
tt9243804;6
tt0082782;5
tt13635702;5
tt20465746;6
tt13379830;6
tt0242423;4
tt5016504;7
tt0247120;6
tt11893274;8
tt27142031;8
tt14509156;6
tt0378194;8
tt0266697;8
tt0361748;8
tt7767422;6
tt14458442;7
tt2209418;7
tt0243017;7
tt7978758;6
tt6968614;5
tt0887261;6
tt1135084;6
tt1070874;7
tt0086687;6
tt0058805;9
tt0053502;8
tt0055683;8
tt0057733;6
tt0058815;6
tt0077003;6
tt0074016;7
tt0070992;10
tt0077053;9
tt0120524;6
tt2137109;7
tt15275256;6
tt2452242;6
tt7939218;5
tt6302160;6
tt6470478;5
tt12763920;6
tt19652910;7
tt19724192;6
tt17595262;6
tt16419074;6
tt14465706;7
tt10832002;6
tt14209916;6
tt7282468;7
tt8164794;6
tt8760670;6
tt13696452;6
tt11818818;7
tt12477480;6
tt20119468;5
tt1714204;6
tt10242388;6
tt13345606;3
tt0074751;7
tt11851548;6
tt11797376;6
tt21087452;6
tt15575470;6
tt4524056;6
tt0109635;6
tt0250797;6
tt0107211;6
tt0102945;6
tt0103772;6
tt0093010;6
tt7772602;5
tt5736758;7
tt7587890;5
tt13846372;6
tt3704428;7
tt7737640;6
tt10954600;6
tt8398600;7
tt17219484;5
tt14252964;6
tt11138512;7
tt1197624;6
tt5052460;4
tt12200256;6
tt9853500;4
tt2446042;5
tt0936501;6
tt7808566;6
tt27197387;6
tt12261776;6
tt10855768;7
tt15679400;6
tt2805574;6
tt0379632;7
tt1008108;7
tt0478942;7
tt9731386;6
tt18353064;7
tt8390476;4
tt0089813;6
tt0120053;5
tt0284718;6
tt0208629;6
tt6474378;6
tt4052882;5
tt12715472;6
tt12718300;7
tt15723914;6
tt11804152;6
tt0120787;6
tt11198810;7
tt12788488;1
tt13087796;6
tt5673782;8
tt5198068;6
tt3420504;6
tt11083552;6
tt10696896;6
tt4192998;6
tt12758060;7
tt0221218;5
tt0914863;7
tt16529222;6
tt2351310;6
tt11235772;5
tt13806164;6
tt2382320;6
tt6334354;7
tt14641788;7
tt7846844;7
tt0406759;5
tt5232792;6
tt0808096;4
tt10168670;6
tt11041332;6
tt11127680;7
tt9419884;6
tt4028464;7
tt5952634;8
tt3155298;6
tt8760708;6
tt2560078;7
tt21326658;3
tt26739529;6
tt8656686;1
tt0062765;7
tt6803212;6
tt12004038;6
tt11701774;6
tt6710474;7
tt10195452;6
tt11212572;7
tt9770150;6
tt12573454;7
tt13352968;6
tt13051810;2
tt15823126;5
tt10311562;6
tt2420756;6
tt8385148;6
tt1959563;6
tt3532216;6
tt15325794;4
tt9812474;7
tt6217306;6
tt12519030;4
tt7043012;7
tt12003946;5
tt16953666;6
tt14138650;7
tt18926830;5
tt14317880;6
tt13841850;6
tt3711510;6
tt14128670;6
tt6160448;6
tt9764362;7
tt1740299;7
tt0367344;5
tt5968394;7
tt0135659;7
tt6111574;4
tt5503718;6
tt13229894;7
tt11564570;6
tt15574312;7
tt0804552;6
tt12763474;6
tt7121252;6
tt10872600;6
tt5657856;5
tt22746676;9
tt12390572;5
tt10986410;8
tt0090644;7
tt0079714;4
tt6187794;6
tt0082933;6
tt1560164;6
tt4530422;7
tt13879366;7
tt4595882;7
tt0454970;5
tt0364828;6
tt9747594;7
tt10838180;4
tt6986990;6
tt10515864;5
tt2315596;7
tt10931784;6
tt4635276;6
tt15036416;6
tt21379574;7
tt22010586;7
tt5952332;6
tt15791034;5
tt5638642;6
tt2226162;6
tt1488589;7
tt14549466;6
tt12496706;7
tt4815122;6
tt0478049;7
tt3716530;6
tt3705412;5
tt0096071;7
tt15713012;6
tt8633464;7
tt10304142;7
tt3892172;7
tt5390504;8
tt5918982;6
tt1259528;6
tt8110652;5
tt0873886;6
tt1385826;5
tt0420251;5
tt2274648;4
tt6218358;7
tt0094793;5
tt1742683;6
tt0118887;7
tt4273800;7
tt15255876;6
tt2733258;1
tt9411972;6
tt1424381;6
tt11866324;7
tt18925334;7
tt2382009;4
tt1937390;5
tt10731256;6
tt1630574;5
tt5886440;7
tt13560574;6
tt1714886;5
tt10665342;3
tt18393842;7
tt11976532;7
tt0092240;5
tt9288822;8
tt15053518;5
tt0452624;6
tt15474916;6
tt10954984;7
tt13640696;6
tt8005176;5
tt4604612;8
tt13872248;4
tt6257970;9
tt12683756;7
tt3335606;6
tt0071935;7
tt1226681;6
tt14852808;6
tt6226232;7
tt11846996;7
tt2177771;6
tt4823434;8
tt5073642;8
tt9072352;5
tt13403046;6
tt5867314;7
tt13507778;7
tt4054004;5
tt9689696;5
tt0993840;5
tt0414852;5
tt8367814;7
tt3520418;4
tt14124268;7
tt0166476;5
tt0280380;6
tt7541106;6
tt21340412;7
tt12593682;6
tt10062338;1
tt10409498;6
tt15318872;7
tt15353964;6
tt4595186;7
tt12908110;6
tt18970124;7
tt11394296;7
tt0838247;3
tt0285728;6
tt9110170;2
tt13361448;6
tt8296030;6
tt11320192;4
tt3086442;7
tt9000184;6
tt13660916;6
tt5171438;7
tt8323668;5
tt10329614;6
tt12133722;7
tt20113404;6
tt1798632;6
tt5500218;5
tt15083184;6
tt8378322;6
tt4262142;6
tt14114802;7
tt10738906;7
tt7664504;7
tt12987894;6
tt11475228;7
tt11307724;6
tt11291274;6
tt14167390;6
tt9834506;6
tt21049266;7
tt15976656;7
tt12680508;6
tt6703780;6
tt21059520;7
tt5834426;3
tt18274172;6
tt4192782;5
tt13932304;6
tt0796264;6
tt7464188;5
tt1020116;10
tt1680058;7
tt12298506;7
tt10341034;8
tt1655441;5
tt1064899;3
tt1821549;8
tt5592878;7
tt7241926;7
tt9005184;6
tt6920084;6
tt9814116;7
tt2870612;5
tt2396135;7
tt4998632;5
tt3654796;6
tt2428170;7
tt5822564;6
tt8160834;5
tt0078908;6
tt0080360;8
tt0103253;7
tt9639470;6
tt10952782;5
tt7413600;7
tt8816194;6
tt7097896;4
tt0308379;6
tt0286751;4
tt8772262;6
tt0142032;6
tt11703050;6
tt2326554;6
tt9612516;7
tt3514324;5
tt3289724;7
tt0483607;6
tt0370986;8
tt1877830;7
tt8427140;6
tt10715172;6
tt0113690;4
tt0069945;6
tt8110232;6
tt5108870;5
tt9654108;6
tt4276618;6
tt2450898;7
tt13066182;6
tt11281184;7
tt5729304;6
tt19034332;6
tt14622682;4
tt10935560;1
tt0780622;6
tt5071412;8
tt0094764;6
tt0105946;7
tt0057286;7
tt1797469;7
tt0199753;5
tt0338337;7
tt0450340;6
tt0297284;6
tt0368479;6
tt8354062;5
tt9381682;3
tt1785288;4
tt0095948;7
tt1119176;8
tt12663250;6
tt0088326;7
tt0082031;7
tt9686194;7
tt0057129;8
tt0119164;6
tt0435937;6
tt0829150;6
tt0083000;6
tt7657566;7
tt1343097;7
tt1216487;7
tt1132620;7
tt0443701;6
tt5786354;6
tt0115270;7
tt10944276;6
tt6127960;6
tt0187636;6
tt6017756;8
tt11464730;6
tt6708668;6
tt7740496;8
tt1843675;8
tt10147644;8
tt1286130;7
tt0077278;6
tt0078579;6
tt0080221;6
tt0076984;6
tt0070700;7
tt0073965;6
tt0072567;8
tt0088571;6
tt0086759;7
tt0075488;6
tt0078607;7
tt0088559;6
tt0083437;7
tt0084967;7
tt0098844;8
tt2707792;6
tt2398149;7
tt13643704;6
tt1172994;7
tt0098904;6
tt6874762;6
tt7550014;6
tt0047708;8
tt0088478;6
tt0088476;8
tt0096708;6
tt0086814;6
tt9064858;8
tt5093026;7
tt11214590;6
tt0112792;6
tt0098625;6
tt0070511;9
tt11755740;3
tt11541872;6
tt10944760;5
tt14539744;7
tt10665338;5
tt12887536;6
tt14992922;6
tt1826720;1
tt3214002;8
tt10155688;7
tt1418377;5
tt0080516;7
tt15529566;6
tt8575428;4
tt7406320;7
tt3922200;7
tt0089885;6
tt0119731;6
tt13156316;8
tt16027926;6
tt5000250;6
tt15771888;7
tt2639336;6
tt1833428;9
tt0421381;10
tt0159176;8
tt0078570;6
tt0159175;8
tt0182646;10
tt0159172;10
tt0421352;8
tt0185070;10
tt0169473;8
tt0449487;6
tt4513678;6
tt15796898;7
tt0094525;9
tt16236000;7
tt0080761;6
tt0758746;5
tt0329101;4
tt0095742;6
tt0093629;6
tt0089686;6
tt0098663;6
tt0094137;6
tt0088979;6
tt0089114;6
tt0091059;6
tt15711402;6
tt15469820;6
tt5420210;6
tt11286314;8
tt8463714;6
tt5748448;6
tt0078736;6
tt0087852;6
tt11062400;6
tt6118426;6
tt10964992;6
tt2066051;6
tt9381998;6
tt7991608;6
tt13207508;8
tt12800524;6
tt11233960;7
tt13113298;7
tt13894060;4
tt12877966;6
tt12617312;5
tt5338644;6
tt7129926;6
tt10919420;7
tt10229558;6
tt15484900;5
tt3526078;7
tt15164924;6
tt11892272;6
tt11686490;5
tt0091499;5
tt0335266;6
tt10793644;6
tt0146336;2
tt0120082;5
tt0119345;5
tt0298814;6
tt0072251;7
tt4846340;7
tt11681282;6
tt0427969;6
tt6270534;6
tt5752192;3
tt8074128;4
tt1319900;1
tt15655276;7
tt10677432;6
tt11242218;6
tt2788432;8
tt13982526;6
tt0113243;6
tt13650480;5
tt8747160;6
tt4540710;8
tt8860450;3
tt10933680;5
tt7448180;5
tt9664108;6
tt12383460;5
tt6654210;4
tt11003228;5
tt1423995;7
tt0402022;6
tt6246322;5
tt14151612;6
tt2229167;6
tt10691162;1
tt9059704;6
tt8114980;7
tt9742794;6
tt9620292;7
tt7979142;6
tt12306692;6
tt1620680;5
tt11003218;8
tt5078852;5
tt13056008;5
tt8046498;6
tt12286434;2
tt8102806;7
tt13109952;6
tt6079772;7
tt15101946;7
tt13372944;6
tt15085794;7
tt10954652;6
tt9731534;6
tt15101938;8
tt1643266;7
tt0482088;5
tt9419056;6
tt15392100;7
tt13372794;5
tt15101956;7
tt1142977;6
tt9421570;7
tt10342730;1
tt6341108;6
tt8694364;8
tt3811906;4
tt10404944;6
tt0096257;7
tt10681222;7
tt13323092;7
tt15216504;7
tt8633478;6
tt3215824;6
tt8453538;6
tt15085802;7
tt15085784;6
tt14968268;6
tt11318602;6
tt4504936;3
tt1838556;4
tt0187696;4
tt5563324;6
tt0081163;6
tt0094669;6
tt0077413;6
tt11867592;7
tt0091572;6
tt3272066;7
tt0034248;7
tt0067052;6
tt10485750;6
tt14992232;6
tt10293938;5
tt9100822;6
tt4384086;7
tt14539726;8
tt14681732;8
tt6402468;6
tt8855592;6
tt2569058;5
tt7026488;7
tt8332922;7
tt14865290;6
tt7248248;6
tt10440380;8
tt0478125;5
tt0087910;6
tt11102190;7
tt0081696;6
tt0084434;6
tt4998212;5
tt0119051;6
tt1754656;6
tt10189466;5
tt9701942;5
tt9642938;7
tt9701940;2
tt10345590;6
tt2677722;7
tt0472198;6
tt1666185;6
tt10482370;6
tt3228774;7
tt4844140;6
tt5649144;8
tt6902332;6
tt2914762;6
tt9288692;6
tt1791528;6
tt6266538;8
tt1727388;6
tt2937898;7
tt7718088;6
tt9777666;4
tt0455782;7
tt1764183;7
tt6566576;1
tt9252488;6
tt8285216;6
tt0120885;7
tt1175709;6
tt4299972;8
tt10244612;6
tt13356646;7
tt11460976;6
tt3132738;8
tt9169658;4
tt0814335;6
tt0094035;6
tt8004664;5
tt0069895;4
tt7242142;6
tt6053512;6
tt2850272;7
tt9315054;6
tt0097493;6
tt2235779;6
tt1204977;5
tt5649108;6
tt9735470;7
tt4353270;6
tt0285531;6
tt0092796;5
tt2106361;5
tt2511428;6
tt0115857;6
tt7888964;7
tt10456740;6
tt1172991;6
tt6156584;7
tt14025788;6
tt7985576;7
tt1869152;6
tt4761112;8
tt3602528;7
tt11658120;3
tt1869454;8
tt10048342;7
tt0822847;6
tt0433362;5
tt3231564;8
tt7126948;4
tt9016974;5
tt0430357;6
tt0177971;5
tt0272020;7
tt0106246;6
tt2017038;7
tt5688068;6
tt11337862;7
tt5149528;6
tt3917506;6
tt1441135;6
tt8508734;7
tt10307724;7
tt0328832;6
tt11905962;7
tt8829830;6
tt7510346;4
tt6341832;7
tt0359013;6
tt0338526;6
tt4270492;7
tt7541720;7
tt0367959;5
tt11081050;6
tt10063310;5
tt6064882;7
tt10016180;7
tt10962368;6
tt0289848;6
tt7711170;6
tt6378710;6
tt0817545;7
tt0963794;6
tt7807026;6
tt0159097;7
tt0365907;6
tt0181852;6
tt0082200;6
tt0088930;7
tt5774062;6
tt0097737;6
tt0119558;6
tt1260502;8
tt11709206;6
tt1706620;6
tt0080365;6
tt0104265;6
tt0099850;6
tt0119994;6
tt10978398;6
tt1643222;6
tt3339674;4
tt5607714;6
tt1438176;6
tt1319704;6
tt8368406;8
tt0429422;7
tt4254242;5
tt8995218;4
tt9340860;7
tt11307814;6
tt6852534;1
tt7557108;7
tt7902072;6
tt10127684;7
tt10919380;1
tt6079516;7
tt4277922;7
tt1392214;7
tt0077031;6
tt6445112;6
tt4878326;6
tt8201186;8
tt6905756;7
tt1418572;5
tt4378456;6
tt7661390;8
tt5464086;5
tt1598778;7
tt6374028;6
tt8134470;6
tt10148174;6
tt5095238;6
tt4168956;6
tt2661044;5
tt0120086;7
tt0491738;5
tt10973800;5
tt7491982;6
tt5174766;5
tt0104692;5
tt2543312;8
tt9086228;7
tt5936448;7
tt10539608;6
tt1067106;8
tt8421350;5
tt7043380;6
tt10970552;8
tt8372298;6
tt4635282;6
tt5691552;5
tt10065694;6
tt8201852;6
tt6882604;7
tt0290673;6
tt0094631;6
tt3986820;7
tt6087226;6
tt9916270;6
tt6723592;8
tt11750282;5
tt0289830;6
tt9076562;6
tt0244365;7
tt0448190;6
tt10059518;6
tt5651844;8
tt0386676;8
tt1950186;7
tt0844441;5
tt4016934;6
tt11044858;6
tt3553976;1
tt5478478;7
tt7395114;7
tt0108906;6
tt0112178;8
tt3984356;6
tt6461824;6
tt11464826;9
tt6850820;6
tt3322314;7
tt1213641;8
tt6048596;5
tt4916630;7
tt7377132;7
tt6535880;1
tt7078658;6
tt7556122;6
tt8295472;5
tt12875782;3
tt7939766;7
tt7550000;4
tt10081762;6
tt1190634;8
tt6522758;5
tt5827790;7
tt7394674;6
tt9735758;6
tt6616260;6
tt5165368;6
tt0038975;8
tt7412482;6
tt3547682;5
tt6436726;6
tt5257744;6
tt5503686;6
tt10101518;3
tt0324133;6
tt3525584;6
tt0779982;4
tt5834760;6
tt0094667;6
tt6803046;7
tt4258440;6
tt8485364;7
tt8741290;9
tt8637428;8
tt8111030;3
tt0304391;6
tt8244784;8
tt5431082;6
tt6418778;7
tt0057372;7
tt5462400;7
tt8714904;8
tt8739752;7
tt8688634;6
tt3205802;7
tt1634106;6
tt7984734;7
tt4765240;5
tt2398231;7
tt3065204;5
tt0285351;6
tt0157246;7
tt0118254;6
tt0118303;7
tt5754602;8
tt0463998;7
tt3781476;6
tt7134194;7
tt5723272;7
tt8236336;7
tt0235198;7
tt0048424;6
tt8075192;6
tt5247022;7
tt1697851;6
tt0810788;7
tt5286444;7
tt10115638;7
tt0054047;6
tt0477080;7
tt2404435;6
tt0328107;5
tt4281724;3
tt10492998;6
tt5439796;7
tt7347846;7
tt0094642;4
tt1572491;7
tt0472033;7
tt1655442;8
tt4720702;6
tt7134096;4
tt6326642;2
tt8936646;7
tt2403558;6
tt1783422;8
tt0426578;7
tt3463106;7
tt5057140;6
tt4467626;3
tt3963816;5
tt1759744;6
tt0267287;7
tt3177316;6
tt4703048;7
tt1887785;1
tt4820370;7
tt8594376;4
tt7735502;7
tt0085404;8
tt5794440;5
tt1667156;7
tt0116253;7
tt3416742;7
tt2268419;6
tt7768192;8
tt1502397;6
tt2310332;6
tt3398436;5
tt6751668;7
tt7672068;6
tt5516154;8
tt1390411;8
tt2932536;6
tt7909970;8
tt3322364;7
tt1592576;6
tt2131532;6
tt6304046;7
tt0065531;6
tt0469641;6
tt5164184;7
tt5362988;7
tt3704050;8
tt2090465;7
tt6212478;7
tt0070723;7
tt0052561;6
tt2106550;6
tt0795368;6
tt3138122;6
tt7058080;7
tt5503688;6
tt8740778;5
tt5227746;7
tt5774060;6
tt0368794;1
tt0443543;7
tt0086856;6
tt0409847;6
tt10413566;6
tt0448115;6
tt4441150;6
tt3450900;7
tt4359416;5
tt1206543;8
tt8359848;5
tt0067800;8
tt0999913;6
tt0086393;6
tt0839995;7
tt0081573;6
tt0348150;6
tt0421073;6
tt0084503;8
tt3915184;7
tt3111426;6
tt1833116;6
tt2194499;6
tt9026524;6
tt8285432;5
tt6921496;6
tt0089006;8
tt0907657;8
tt6294822;7
tt0308055;6
tt0358273;6
tt1984153;6
tt8333746;6
tt0874936;6
tt0984200;7
tt0115710;6
tt7366338;10
tt7713068;7
tt1051906;7
tt1435513;6
tt4372390;6
tt3513548;7
tt0138946;6
tt7908628;6
tt7049682;8
tt7897102;6
tt6866224;7
tt5563334;7
tt7670212;4
tt6538034;6
tt10307440;6
tt8299768;6
tt9345754;6
tt8228288;7
tt8425058;7
tt6902676;4
tt4633690;8
tt6063090;7
tt7772580;6
tt8946378;7
tt8563452;4
tt1895315;7
tt8364728;6
tt1477834;6
tt6146586;5
tt6134022;6
tt5592796;7
tt0460091;6
tt6470762;6
tt7390646;6
tt1560220;7
tt1898069;7
tt6210996;6
tt5952138;6
tt6259380;6
tt0385887;6
tt8781414;7
tt4334266;6
tt4633694;8
tt0163953;6
tt7131622;7
tt6450804;6
tt3387520;6
tt5774450;4
tt6445414;6
tt4354880;7
tt5595168;6
tt4935372;5
tt5727208;8
tt0427461;6
tt1582271;7
tt1112782;6
tt6198946;6
tt7967412;7
tt6916362;6
tt7349950;7
tt5606664;8
tt2866708;6
tt3952222;6
tt0106145;6
tt3087752;6
tt7569592;5
tt6106704;6
tt5761496;7
tt6038954;7
tt7736478;7
tt1618371;5
tt7573024;5
tt3597790;7
tt1025100;6
tt2357547;6
tt2708480;8
tt2527338;8
tt4189022;7
tt8351646;6
tt0385700;6
tt7798634;7
tt3647998;7
tt0173840;7
tt8106534;6
tt6032328;7
tt8009314;6
tt9561862;8
tt4061080;6
tt2935510;7
tt8595586;3
tt1233219;6
tt1302006;8
tt10958282;6
tt1318517;7
tt0100828;6
tt0082934;6
tt6523720;6
tt6399158;6
tt8695030;6
tt6130902;7
tt6474040;6
tt4537896;6
tt5834262;6
tt0090914;6
tt0090156;6
tt8364368;6
tt1580426;6
tt8001226;6
tt5913798;3
tt6722030;6
tt4008566;2
tt9243946;6
tt4594836;4
tt4687108;6
tt5294518;6
tt4332232;6
tt5598292;3
tt7958736;6
tt6320628;7
tt0108451;6
tt9348692;7
tt7204348;7
tt8110640;6
tt10986050;6
tt10986052;6
tt10986056;6
tt7080616;10
tt2283336;6
tt0831884;7
tt1103275;7
tt6859762;7
tt5553962;4
tt0087197;6
tt4154796;7
tt4943998;7
tt7752126;6
tt6565702;6
tt8271188;6
tt3713166;6
tt4761916;6
tt0277027;4
tt4131496;6
tt4971344;7
tt1386691;6
tt5215088;6
tt4925340;7
tt5962210;6
tt4913966;4
tt4649466;7
tt7946422;6
tt7584702;3
tt1291566;6
tt0879870;4
tt4003440;7
tt0837563;6
tt6857112;5
tt4154664;7
tt6292852;6
tt2267998;8
tt4123430;5
tt3183660;5
tt4181782;5
tt0052700;7
tt2481498;6
tt4731148;4
tt1297919;6
tt1034415;5
tt5886046;3
tt0416315;6
tt0365929;6
tt0454841;6
tt0324216;6
tt0844708;7
tt0452702;6
tt6195094;6
tt2837574;7
tt8418652;5
tt7959026;7
tt1191111;4
tt4266076;5
tt6966692;6
tt0119311;6
tt6823368;6
tt4443658;7
tt0051418;6
tt0094761;6
tt7315484;6
tt7016936;8
tt4573516;5
tt5041296;6
tt1111422;6
tt2649356;8
tt2709692;5
tt6908274;7
tt1571234;7
tt0343818;6
tt1517451;7
tt2726552;6
tt0227984;5
tt0112818;8
tt6628394;7
tt6499752;7
tt4206804;7
tt3783958;1
tt7668870;8
tt5591666;6
tt5580036;7
tt2798920;6
tt5177088;7
tt4218572;7
tt1727824;7
tt1502407;6
tt5052474;7
tt5834204;9
tt0271237;3
tt6708116;6
tt3732280;7
tt5085522;6
tt5195412;7
tt5316540;6
tt0253754;8
tt0105466;6
tt0120844;6
tt2381111;6
tt0117731;7
tt0333766;4
tt0111280;6
tt0111281;10
tt0092455;9
tt5294550;7
tt0077027;8
tt0098382;5
tt0102975;6
tt0092007;5
tt0079945;7
tt2034800;6
tt4995790;7
tt5616294;5
tt0910970;7
tt0264508;6
tt0051201;7
tt1869347;7
tt1351685;6
tt6802308;5
tt0360556;7
tt1270797;6
tt5095030;7
tt4912910;7
tt9495224;7
tt3766354;6
tt0060955;7
tt3829266;5
tt4575576;5
tt0374584;5
tt2543472;8
tt0433387;7
tt6738136;6
tt2737304;7
tt0120738;6
tt7104984;6
tt6412452;8
tt0093378;6
tt6053438;7
tt2372251;3
tt4052886;4
tt4428728;7
tt5620076;6
tt0450278;6
tt1502712;1
tt2334649;7
tt3544978;5
tt4154756;7
tt2261227;7
tt8361028;5
tt6183834;6
tt4520992;6
tt0313043;6
tt0395843;6
tt0218817;5
tt6207878;8
tt7115500;1
tt0974015;6
tt0758752;5
tt0200465;7
tt5442456;6
tt1365519;7
tt7784604;6
tt0983213;7
tt0055018;8
tt4146128;7
tt0261983;6
tt2018069;6
tt3611002;6
tt1544608;4
tt3778644;7
tt6892446;5
tt6763664;8
tt6097798;6
tt5700224;7
tt5914642;6
tt1491044;6
tt5715874;7
tt7280898;7
tt4695012;7
tt6133466;4
tt0799862;6
tt1188113;6
tt0411195;7
tt0991178;7
tt2386237;5
tt0407362;8
tt5742374;8
tt6692188;6
tt0314979;8
tt0303461;8
tt5957584;6
tt5164214;6
tt6768578;7
tt5516328;6
tt5463162;7
tt7085842;4
tt2249007;8
tt6468322;8
tt7153766;7
tt0274812;6
tt5187886;6
tt0422272;6
tt5328350;7
tt5675620;7
tt7357302;7
tt5397194;5
tt2704998;6
tt6644200;7
tt0098084;6
tt0085333;6
tt0120877;6
tt4399952;6
tt8499164;5
tt6607960;7
tt6373590;6
tt4357394;6
tt7512574;1
tt5114356;9
tt2557478;6
tt5893264;6
tt0980970;6
tt1285009;4
tt0499448;6
tt0363771;6
tt5462326;6
tt1470827;6
tt1825683;6
tt2072233;6
tt1204340;7
tt2357377;5
tt5727282;7
tt4145054;5
tt6892400;7
tt0491175;6
tt6304162;7
tt5740866;7
tt4680182;7
tt5531470;6
tt3072482;8
tt5584732;5
tt2873282;6
tt3860916;6
tt0978764;6
tt3922704;5
tt0361217;7
tt3032476;8
tt4474344;4
tt1590193;4
tt4126438;6
tt0303021;6
tt0118771;7
tt0073018;6
tt6656238;5
tt0903747;8
tt4500922;6
tt1389072;6
tt5308322;3
tt1961175;6
tt6143568;5
tt2763304;8
tt4827986;7
tt2281159;6
tt0758774;7
tt0120789;6
tt5735280;4
tt0856288;6
tt3014284;6
tt4834206;8
tt3501632;7
tt6265828;8
tt5580390;7
tt4255304;6
tt0805570;3
tt4572792;5
tt2527336;5
tt1677720;7
tt1536537;6
tt2980516;8
tt3171832;6
tt1464763;5
tt5862312;5
tt3402236;7
tt1969062;7
tt5027774;7
tt0114608;6
tt4846232;6
tt3348730;5
tt1666287;6
tt0318390;7
tt0934814;6
tt6794990;6
tt6792200;8
tt2548396;5
tt0464041;3
tt1856101;7
tt5753856;8
tt5197820;5
tt2039338;4
tt3774114;6
tt1399683;7
tt3877200;7
tt0284978;6
tt1017460;5
tt5711280;8
tt5109784;8
tt4450826;5
tt4093826;4
tt5618256;9
tt0348914;8
tt0192614;6
tt1797404;7
tt0283509;7
tt5519340;6
tt5013056;7
tt1396484;7
tt2957760;6
tt5322012;4
tt2679552;4
tt3920596;7
tt4924942;6
tt4733640;7
tt4468634;6
tt0098354;1
tt4421578;7
tt2406566;6
tt4337072;6
tt3488298;7
tt0210909;1
tt2132641;5
tt0450314;6
tt4550098;7
tt2080374;8
tt0330793;3
tt4877736;7
tt3322312;8
tt2250912;6
tt1842530;6
tt5290382;8
tt1648190;6
tt0419706;6
tt3450958;7
tt3890160;6
tt6214928;7
tt3230854;8
tt4061010;6
tt4034228;7
tt0760311;6
tt5700672;7
tt2062969;6
tt3011894;7
tt0995829;7
tt0993846;7
tt5723286;7
tt4428038;7
tt2345759;5
tt4225622;7
tt4287320;5
tt5121816;6
tt2620590;4
tt0830900;6
tt3416532;7
tt4607112;7
tt3276924;6
tt2911674;6
tt1131724;5
tt5511582;6
tt3707104;7
tt3531824;2
tt0808331;6
tt3503406;6
tt3896198;8
tt3501112;6
tt0810827;7
tt0758742;8
tt3748172;7
tt4714782;7
tt0963178;6
tt2309021;6
tt0451279;7
tt0067756;6
tt0067525;6
tt1399664;7
tt3148266;7
tt5542294;6
tt1734493;5
tt2361317;6
tt1878870;6
tt1241317;3
tt2401256;7
tt4600404;6
tt1830617;8
tt2126235;5
tt4425200;5
tt2725962;6
tt3286052;6
tt5231916;6
tt1355631;6
tt1410051;6
tt4954522;3
tt5052448;7
tt2699128;9
tt2316411;7
tt1194238;8
tt1219827;7
tt4731136;6
tt0347246;8
tt0113568;7
tt3622110;4
tt4581576;6
tt2983290;6
tt5442430;6
tt2238050;6
tt0893402;7
tt0087971;7
tt0099293;6
tt0099545;5
tt0095134;6
tt0090101;5
tt0085524;7
tt0080719;7
tt0105435;6
tt0088680;7
tt0851851;7
tt0112642;6
tt0120669;8
tt0076451;7
tt0075223;7
tt0848557;6
tt0318252;7
tt0055657;8
tt0084018;6
tt0099371;5
tt0089822;6
tt0091777;6
tt0094963;6
tt0107050;6
tt0075596;7
tt0072519;7
tt0455957;7
tt0061578;7
tt1405406;5
tt0066206;6
tt0060315;6
tt0091925;6
tt0106867;5
tt0118655;6
tt0088710;7
tt0061418;7
tt0317648;7
tt0081930;7
tt0082714;8
tt0472520;3
tt0091148;6
tt0277434;4
tt0071054;6
tt0084088;6
tt0065214;8
tt0073972;6
tt0082406;7
tt0067588;6
tt0075178;7
tt0070355;7
tt0128221;6
tt0118749;8
tt0063288;6
tt0080240;7
tt0084131;6
tt0083680;6
tt0079839;7
tt0410975;6
tt0126618;5
tt0079417;7
tt0042332;7
tt0053285;7
tt0102059;6
tt0110622;6
tt0080339;9
tt0116279;5
tt0083399;8
tt0068699;8
tt0029583;7
tt1680110;5
tt0083549;7
tt0043274;7
tt0397306;6
tt0088634;7
tt0061852;7
tt1219024;5
tt0055254;7
tt0084726;7
tt0904208;6
tt0813715;6
tt0385004;7
tt0034492;8
tt0083871;8
tt0877057;8
tt0800308;6
tt0104952;6
tt5345490;6
tt2369135;4
tt4972062;7
tt4158110;9
tt3147316;6
tt4547056;6
tt2699110;3
tt3315342;6
tt3655414;7
tt0439100;6
tt1586680;6
tt1602620;7
tt5294198;6
tt2025899;6
tt0179804;4
tt4116284;7
tt1854564;5
tt0814255;5
tt0105665;5
tt0289992;8
tt0483726;6
tt0295701;2
tt0385752;6
tt0373051;6
tt4216902;6
tt3230454;8
tt0114857;4
tt0119099;6
tt0115956;7
tt0102789;6
tt0145681;7
tt0098936;6
tt0291341;4
tt5598110;6
tt1663207;6
tt4972582;6
tt1667310;6
tt1617661;4
tt1928340;6
tt1598642;6
tt0189998;6
tt0324127;6
tt1019452;6
tt5717492;6
tt0086979;6
tt0101410;7
tt1403865;7
tt2476706;6
tt3921180;3
tt0062794;8
tt3717252;5
tt4047038;7
tt6281538;2
tt1935859;6
tt3748528;7
tt0066080;6
tt0086822;7
tt0902254;6
tt1288637;6
tt4229938;6
tt0390384;10
tt1837492;8
tt2954474;3
tt0239632;6
tt0954947;7
tt0072730;6
tt5155780;5
tt2474958;6
tt0219965;6
tt0088993;6
tt0095652;6
tt0108238;2
tt0251114;6
tt0170691;7
tt0159273;6
tt0314353;6
tt0102070;5
tt0102266;6
tt0190138;6
tt0120749;6
tt0119395;7
tt1053424;6
tt0399201;6
tt0986263;6
tt5164772;10
tt1049413;6
tt0240278;6
tt3314218;5
tt0815241;8
tt4257858;8
tt0307987;5
tt3140100;6
tt4088268;6
tt1185616;8
tt3804114;6
tt1355644;5
tt2543164;8
tt0108778;6
tt2467372;6
tt0286486;10
tt2438644;6
tt3991412;7
tt3316948;6
tt3393786;5
tt4630550;6
tt3631112;6
tt3263904;8
tt3137630;7
tt0439815;6
tt1709143;6
tt3658772;3
tt2784936;6
tt1837703;7
tt2535470;7
tt0376479;6
tt1211837;6
tt1149362;8
tt0324197;7
tt1718835;6
tt2275946;4
tt0427392;6
tt1339687;1
tt4361050;6
tt4044364;8
tt1001526;6
tt0409904;5
tt0403358;5
tt2304933;4
tt3062096;6
tt4229954;7
tt1735907;6
tt2106651;3
tt3250026;6
tt2365946;4
tt3321300;5
tt2097331;7
tt3348102;6
tt5577742;6
tt0310910;6
tt3809308;5
tt4273292;6
tt4230700;6
tt1307824;5
tt3155320;5
tt1860357;7
tt0229260;1
tt3647498;5
tt1540011;1
tt4520364;7
tt0475784;8
tt3172520;1
tt2094766;8
tt1082868;7
tt3551796;6
tt4062536;7
tt0488604;6
tt4939064;8
tt0440803;2
tt3538766;7
tt3289956;8
tt4160708;7
tt3100274;6
tt3487382;6
tt2057392;7
tt3337194;5
tt0887912;7
tt1361318;6
tt3513704;5
tt2005151;6
tt0826760;8
tt1386697;4
tt1995390;6
tt3230780;6
tt0309987;6
tt0348505;7
tt1439572;8
tt4196776;5
tt2582782;7
tt0068713;5
tt0995868;6
tt0072263;5
tt0098454;4
tt2368619;5
tt3581932;8
tt1289401;5
tt2442560;8
tt4786282;5
tt0111987;6
tt3110958;6
tt4094724;5
tt0452046;6
tt0350258;8
tt4526546;6
tt5555502;6
tt1712261;7
tt4193400;7
tt3014866;4
tt3733774;6
tt5517438;8
tt1967545;5
tt1521090;7
tt1974419;5
tt2660888;7
tt2191671;8
tt3638012;6
tt0106179;7
tt0075931;6
tt3845232;8
tt1628841;1
tt4936176;6
tt0997152;6
tt3339966;6
tt1555149;7
tt0938283;3
tt0452637;6
tt0949731;6
tt0944835;6
tt0861739;8
tt0085210;7
tt4213806;6
tt2245084;6
tt0475290;7
tt1104688;5
tt0377260;6
tt3743822;6
tt2333804;6
tt1837709;7
tt0803096;7
tt0052520;10
tt3498820;7
tt1235547;8
tt1661820;7
tt2241351;6
tt1093369;6
tt2450186;5
tt2105044;5
tt4005402;6
tt3385516;7
tt2402603;6
tt4036886;6
tt2707408;9
tt0104779;7
tt2628232;8
tt0060036;6
tt0072564;8
tt0063962;7
tt3174376;6
tt4574334;8
tt4122068;8
tt3112654;6
tt3775086;5
tt2917388;6
tt0281686;6
tt1772264;7
tt1726592;7
tt4983204;6
tt1634136;6
tt0496424;6
tt3118452;5
tt3747572;6
tt1715336;6
tt3442006;7
tt1850397;6
tt3479316;5
tt3682448;8
tt4086032;4
tt2910904;7
tt2758950;5
tt2891174;7
tt2452386;7
tt4176764;4
tt2673318;5
tt1825157;6
tt0478087;5
tt1194417;6
tt1895587;8
tt1286537;8
tt1266020;9
tt2414766;7
tt1894476;6
tt2552394;6
tt0380510;7
tt3083008;8
tt1541160;6
tt5123442;5
tt0389722;6
tt2581244;6
tt3616916;7
tt3169770;8
tt2561546;4
tt3395184;5
tt2400463;7
tt0416044;6
tt0472954;6
tt3170832;8
tt4263482;6
tt0365376;6
tt1741273;8
tt0815245;6
tt2975590;5
tt0795351;5
tt3231054;6
tt4178092;6
tt1179933;6
tt3569230;6
tt0480242;6
tt1307068;6
tt4172430;6
tt0121955;10
tt5761444;8
tt0243155;3
tt0196229;7
tt1608290;6
tt4901306;7
tt1167611;6
tt0140428;5
tt3297330;7
tt2879552;7
tt2049543;5
tt0368008;6
tt4503598;5
tt1821593;6
tt3605418;5
tt2909116;8
tt0248667;8
tt1556243;6
tt2179115;3
tt0482606;1
tt3278330;4
tt1596363;8
tt1278340;3
tt2802144;7
tt3448226;6
tt2836202;4
tt3844362;6
tt0800241;7
tt3882082;6
tt2039393;7
tt0942385;7
tt0373469;6
tt1379177;7
tt0471030;7
tt0228488;6
tt0473488;7
tt2290129;6
tt2402061;7
tt2058673;5
tt4422836;6
tt0805564;6
tt4676140;6
tt2309295;7
tt2326612;6
tt3460252;8
tt0808506;5
tt1220719;7
tt0091042;3
tt1431045;7
tt0790736;6
tt1458175;6
tt0228750;6
tt0473705;8
tt0780571;6
tt0212985;4
tt1462758;6
tt1186830;7
tt0467406;7
tt1045658;7
tt2980592;5
tt3813310;6
tt1618442;5
tt1924277;7
tt0416236;6
tt0120338;7
tt5022702;7
tt0443274;6
tt2334879;5
tt1846197;6
tt0044382;6
tt1014763;7
tt3319920;6
tt1663202;9
tt0929425;7
tt0322725;7
tt1846487;6
tt1561768;4
tt0097202;5
tt2488496;8
tt2306299;8
tt3577624;7
tt1164999;8
tt0449467;8
tt0443680;7
tt0185906;10
tt2184339;6
tt0830361;6
tt1174730;6
tt0166396;7
tt1571219;6
tt1428538;7
tt0245674;6
tt0382077;6
tt0348836;5
tt0397101;6
tt2433082;4
tt1891788;6
tt3696720;7
tt1306980;7
tt1541123;6
tt2452042;8
tt0485947;8
tt2720680;6
tt2406376;7
tt1733785;8
tt1602098;6
tt2027136;6
tt2345112;7
tt2042568;6
tt0765010;7
tt0386342;7
tt3704416;5
tt0986233;8
tt2024544;8
tt1526318;6
tt2592094;5
tt2870756;6
tt3715320;6
tt2393813;6
tt2992146;7
tt2452200;5
tt2325977;6
tt3253930;7
tt0804463;7
tt0460485;4
tt1976009;6
tt1646980;6
tt3168230;7
tt0427944;7
tt0420223;7
tt1763264;6
tt0091369;7
tt1772240;6
tt3453600;1
tt3235888;6
tt1120985;7
tt0074520;6
tt0780504;8
tt1655420;8
tt1219342;6
tt1781922;6
tt0078326;7
tt3464902;5
tt1623205;5
tt1714915;7
tt2908446;5
tt1361349;7
tt0242150;4
tt2614684;7
tt2379713;6
tt2061712;6
tt1020530;6
tt2402101;7
tt3501584;5
tt1517260;5
tt2554274;7
tt0331811;6
tt0411008;9
tt0104714;6
tt0028212;7
tt0362227;7
tt0091083;6
tt0099938;6
tt0233469;6
tt0146675;6
tt0216216;6
tt0096320;6
tt0116213;5
tt0465538;8
tt0478970;6
tt1540133;7
tt2011276;4
tt0071970;7
tt0095031;6
tt0078346;7
tt0082495;7
tt0095675;6
tt0118971;7
tt0203019;7
tt0088272;6
tt0094291;7
tt0317705;6
tt0113083;6
tt0215129;5
tt0122151;6
tt0317198;3
tt0098800;7
tt1320253;4
tt1132290;6
tt0094737;6
tt0276751;6
tt0117218;6
tt0988045;8
tt0765429;7
tt0408236;7
tt0083943;6
tt0120623;7
tt0844471;6
tt0080393;10
tt0139668;7
tt0373883;5
tt0399295;5
tt0107362;6
tt0186566;6
tt1077026;6
tt0096332;8
tt0065234;8
tt1680095;6
tt0332452;6
tt0370263;4
tt0120660;7
tt0093894;6
tt0087280;7
tt2381249;6
tt0068611;6
tt0312004;8
tt0086383;7
tt0088170;6
tt0082073;7
tt0083530;6
tt0092086;6
tt0100740;6
tt0060028;10
tt0477347;6
tt0306047;3
tt0094898;6
tt0887883;7
tt0187078;5
tt0859163;6
tt1250777;6
tt0107144;6
tt0172156;6
tt0109254;6
tt1526741;5
tt0092644;6
tt0368891;6
tt0473075;7
tt0116695;6
tt0077651;8
tt0065439;8
tt1598754;8
tt0089880;6
tt0075222;8
tt0100403;7
tt0083284;8
tt0061107;8
tt0122933;6
tt1192628;8
tt0068098;9
tt0101587;6
tt0120694;5
tt0120755;6
tt1161864;5
tt0079367;6
tt0999864;6
tt0060176;8
tt0163651;6
tt0056923;6
tt2626902;9
tt0460829;5
tt0088944;5
tt0096244;6
tt0146316;6
tt0090555;6
tt0175142;5
tt0112896;5
tt0024216;8
tt0384806;5
tt0114898;6
tt0462538;7
tt0458352;6
tt0094947;7
tt1800241;7
tt0465234;5
tt0070959;7
tt0022100;7
tt0808357;6
tt0103855;4
tt0090859;4
tt0076070;6
tt1193138;7
tt0469754;6
tt0114844;6
tt0111255;5
tt0277296;5
tt0120201;3
tt0317919;6
tt0245562;6
tt0149460;8
tt0035279;6
tt0112442;7
tt1358522;5
tt0091187;6
tt0100802;8
tt0094889;5
tt0455590;7
tt0085382;7
tt0061177;7
tt0100405;5
tt0083944;7
tt0780536;7
tt0056592;7
tt0418819;6
tt0083767;6
tt0043014;8
tt0985699;7
tt0091129;6
tt0093177;6
tt0090056;7
tt0267804;6
tt0059113;7
tt0072271;7
tt0166896;6
tt0320661;4
tt0025452;10
tt0796366;7
tt0955308;6
tt2294449;6
tt0086960;7
tt0480249;7
tt0101829;7
tt1705786;7
tt0087928;7
tt0038109;10
tt0834001;7
tt0381849;7
tt0092099;6
tt0112913;7
tt0213149;6
tt1234548;7
tt0058672;6
tt0085995;6
tt0082517;9
tt0134273;7
tt0455407;6
tt1014759;7
tt0074486;5
tt0125439;6
tt0076141;7
tt0438097;6
tt0031381;7
tt0101026;6
tt0094012;7
tt0102510;7
tt0450259;5
tt0215750;7
tt0116922;4
tt0489099;7
tt0404032;6
tt0134084;5
tt0870984;6
tt0455824;3
tt0092890;6
tt0095705;8
tt0209163;6
tt0166556;7
tt0069947;7
tt0418279;5
tt0285331;9
tt0041959;7
tt0117571;6
tt0107977;6
tt0163978;6
tt0455275;8
tt0119248;7
tt0110570;7
tt0119567;7
tt0287467;7
tt0446059;7
tt1650554;6
tt0367882;10
tt0119116;7
tt0337978;5
tt0099674;8
tt1650062;6
tt0360717;6
tt1527186;8
tt0438488;6
tt0087469;10
tt1808015;5
tt0071853;9
tt0128853;6
tt0096697;9
tt0071230;9
tt0319262;5
tt0116629;6
tt0120685;6
tt1190080;5
tt3488710;8
tt1727776;6
tt2764784;7
tt2140379;6
tt5290524;6
tt0433035;6
tt1355683;7
tt0304141;6
tt0295297;6
tt0241527;6
tt3567288;6
tt2193021;5
tt4428122;5
tt3581654;5
tt3045616;6
tt2758880;7
tt3125652;5
tt3397884;7
tt0072572;6
tt3749900;8
tt2521668;6
tt3029476;5
tt1649443;6
tt3659388;7
tt1767354;6
tt0430922;2
tt2935564;7
tt0093777;6
tt0089175;6
tt0099160;6
tt0114558;6
tt0435625;6
tt2679042;5
tt0970452;6
tt0115798;6
tt0481369;7
tt0109686;6
tt0110475;6
tt0119528;5
tt0183505;4
tt2273657;7
tt4046784;6
tt1126590;7
tt2431438;5
tt1139328;7
tt1103968;5
tt3515512;6
tt0218553;7
tt0377109;7
tt0195714;4
tt0391198;6
tt1179904;7
tt1245112;7
tt0363547;6
tt1038988;8
tt0365748;7
tt1156398;7
tt0120804;7
tt0463854;7
tt1060277;7
tt1542344;8
tt0472043;8
tt1037705;6
tt0765443;7
tt0289043;7
tt0421238;6
tt0206634;7
tt0898367;8
tt2149175;7
tt2741602;4
tt3520702;8
tt1411697;5
tt1951261;5
tt1119646;6
tt1637725;6
tt2051879;6
tt0380869;5
tt1588173;3
tt0119081;6
tt1188729;7
tt0381940;6
tt1964418;6
tt2372162;8
tt2669336;7
tt0822854;5
tt0467197;6
tt0465494;6
tt0804503;5
tt0115964;5
tt0102511;5
tt0814314;7
tt1780798;5
tt3006802;6
tt2268458;7
tt1578873;1
tt1959490;9
tt1211956;6
tt2575988;10
tt0814685;6
tt0085701;7
tt2317225;6
tt0282515;7
tt0920470;8
tt1235124;6
tt0112682;8
tt0937237;6
tt0080569;5
tt3195644;3
tt1591095;5
tt1340138;7
tt0369610;5
tt0101700;7
tt1064932;6
tt1149361;7
tt1536410;4
tt2402157;6
tt1881002;7
tt4025514;7
tt1226271;8
tt0147770;6
tt2705602;5
tt0293662;5
tt1885102;5
tt2582802;7
tt0181311;7
tt1972571;6
tt1636826;1
tt0481797;7
tt2561572;5
tt0087884;7
tt1339161;7
tt1059786;4
tt2199571;6
tt0460690;6
tt0362357;6
tt0093793;6
tt0084827;7
tt1988386;6
tt3078296;5
tt2719784;5
tt1029360;5
tt2121382;7
tt1104001;7
tt1392190;8
tt2321549;7
tt0089907;3
tt1259521;6
tt2303687;6
tt2404738;6
tt1632701;5
tt1687856;7
tt3843168;5
tt1646971;7
tt1216491;7
tt0471041;2
tt1949012;6
tt1672189;5
tt0488478;7
tt0338095;5
tt1029234;7
tt0884335;6
tt2395427;7
tt0445965;6
tt3467412;6
tt3079380;6
tt0069050;7
tt1148204;6
tt0884328;6
tt0464141;7
tt0450385;7
tt3831810;6
tt2094018;6
tt1314652;6
tt0862593;7
tt0102960;6
tt1183276;6
tt2261331;6
tt1981115;7
tt0357277;5
tt0287978;5
tt0486576;3
tt0120667;5
tt2910274;7
tt0106677;6
tt1756851;6
tt0280770;6
tt0978759;7
tt2515034;6
tt2618986;8
tt0790686;5
tt0079576;6
tt1314655;4
tt0411061;4
tt2322441;1
tt2294189;8
tt0460643;6
tt2654620;7
tt0460650;6
tt0380066;5
tt0979432;10
tt0409459;8
tt1728102;6
tt2262383;7
tt2717822;5
tt1971325;6
tt2381941;6
tt1823672;5
tt0835434;10
tt1136608;7
tt1401152;3
tt0404203;7
tt0892769;8
tt1866249;7
tt1176740;7
tt1531901;6
tt0470752;8
tt2188671;8
tt2224004;6
tt0187393;2
tt1125849;8
tt0414993;8
tt2654580;7
tt2660734;4
tt1954347;7
tt1772341;7
tt1474684;8
tt1958961;6
tt2436386;5
tt1199099;8
tt1992258;6
tt1937118;6
tt0772139;7
tt1112285;8
tt0454864;6
tt1300854;6
tt0829482;6
tt2494280;6
tt0959337;7
tt0976051;7
tt0066601;7
tt0100395;7
tt1013753;8
tt0352343;4
tt0094890;7
tt0498380;8
tt0452623;7
tt0824747;7
tt0945513;7
tt1182345;8
tt0948538;5
tt0104029;6
tt2172934;5
tt1748207;6
tt1541874;7
tt2359024;7
tt1911644;6
tt2910814;6
tt0330099;6
tt4142022;6
tt1641349;5
tt0499549;7
tt2963254;6
tt2084989;5
tt2911666;7
tt1258197;6
tt1869716;7
tt2866360;8
tt0460665;7
tt0480669;8
tt1187064;7
tt0119675;6
tt0498399;7
tt0765432;7
tt0112281;1
tt1951265;4
tt0421994;7
tt0418689;8
tt0453467;7
tt0385880;6
tt0982898;7
tt0078841;8
tt0404030;7
tt0422720;7
tt0456396;8
tt0456041;7
tt0422295;8
tt0303933;6
tt0401445;7
tt0100928;8
tt0090570;8
tt0382625;7
tt0078718;7
tt0468565;8
tt0283003;7
tt0350261;7
tt0406375;6
tt0454921;7
tt0395972;7
tt0460989;8
tt0149698;7
tt0449059;8
tt0422015;7
tt0067328;7
tt0327084;7
tt0310778;7
tt0391353;7
tt0318761;7
tt0778784;7
tt0465188;7
tt0107840;7
tt0415006;7
tt0462338;7
tt0494271;7
tt0424880;7
tt0367089;7
tt0110638;6
tt0462002;7
tt0436697;8
tt0421054;7
tt0118768;8
tt0410297;7
tt0397535;8
tt0368222;7
tt0103241;7
tt0412019;7
tt0375920;7
tt0429727;6
tt0086483;7
tt0179841;7
tt0123755;8
tt0285492;6
tt0377713;6
tt0408345;7
tt0168740;8
tt0300270;7
tt0445620;7
tt0283897;7
tt0415978;7
tt0385002;6
tt0374916;6
tt0384680;7
tt0338348;7
tt0352248;7
tt0368658;7
tt0378906;7
tt0400063;8
tt0417658;7
tt0430105;7
tt0374546;8
tt0311913;7
tt0348593;7
tt0465203;7
tt0408306;9
tt0382382;7
tt0256009;7
tt0379889;7
tt0384814;7
tt0425236;8
tt0425210;7
tt0419198;6
tt0067992;8
tt0367594;8
tt0355295;6
tt0365737;7
tt0180073;7
tt0134847;7
tt0420087;7
tt0279977;7
tt0356910;7
tt1032755;7
tt0375912;7
tt0399146;7
tt0371257;7
tt0363532;8
tt0375679;8
tt0407265;7
tt0419294;8
tt0450232;7
tt0473753;8
tt0373861;8
tt0398017;7
tt0388795;8
tt0387131;7
tt0436613;7
tt0428803;8
tt0121164;6
tt0800080;7
tt0286716;7
tt0435479;7
tt0387514;7
tt0259440;8
tt0337721;6
tt0046534;7
tt0407304;7
tt0361309;7
tt0374900;6
tt0138524;7
tt0118113;6
tt0421239;7
tt0352277;7
tt0329030;6
tt0070643;7
tt0351283;6
tt0117509;7
tt0408790;6
tt0384686;6
tt0289765;7
tt0371724;7
tt0342272;6
tt0433383;8
tt0373926;8
tt0338564;6
tt0326429;6
tt0376591;7
tt0482633;6
tt0371246;7
tt0418110;7
tt0120777;7
tt0402158;6
tt0346156;6
tt0340376;7
tt0087004;7
tt0105411;7
tt0346491;8
tt0339291;7
tt0386588;8
tt0369339;7
tt0338188;6
tt0352520;8
tt0313196;7
tt0372824;7
tt0345032;7
tt0097240;7
tt0443446;6
tt0375173;7
tt0124185;7
tt0411477;7
tt0167190;7
tt0099699;6
tt0308644;7
tt0374180;7
tt0369672;7
tt0366627;7
tt0376541;8
tt0388526;7
tt0375063;8
tt0033553;8
tt0384533;6
tt0433028;7
tt0318974;7
tt0390521;8
tt0423866;8
tt0362269;7
tt0344510;7
tt0390808;7
tt0366137;7
tt0352994;8
tt0314676;6
tt0344604;6
tt0448197;7
tt0366777;6
tt0395125;6
tt0488120;7
tt0311110;6
tt0368447;7
tt1233227;6
tt1132626;6
tt0890870;6
tt0489270;6
tt0432348;6
tt0387564;8
tt0417930;7
tt0115734;6
tt0247425;7
tt0377031;8
tt0390221;7
tt0398883;7
tt0308476;8
tt0071862;6
tt0340163;6
tt0429898;8
tt0090967;7
tt0157583;7
tt1486185;6
tt0420215;8
tt0329584;7
tt0092513;6
tt0295671;7
tt0337876;6
tt0418259;6
tt0338751;9
tt0299977;8
tt0347105;7
tt0069762;7
tt0354356;7
tt0188453;6
tt0280696;7
tt0306432;7
tt0086312;8
tt0276816;7
tt0337909;7
tt0331952;7
tt0401408;7
tt0363988;7
tt0325030;7
tt0243575;7
tt0093437;7
tt0335121;6
tt0295700;6
tt0369702;9
tt0301684;6
tt0430746;7
tt0292506;6
tt0120679;7
tt0301199;7
tt0086200;7
tt0435359;7
tt0314063;6
tt0070239;7
tt0068805;7
tt0338512;8
tt0077921;7
tt0332379;7
tt0238380;7
tt0078754;6
tt0119791;6
tt0110631;6
tt0418299;7
tt0378361;7
tt0422621;7
tt0311289;7
tt0283084;7
tt0330702;7
tt0109370;6
tt0361862;7
tt0361596;8
tt0364961;7
tt1018818;7
tt0101761;7
tt0195659;7
tt0315327;6
tt0304415;7
tt0289635;7
tt0374358;6
tt0291022;7
tt0401855;6
tt0320691;7
tt0070047;7
tt0298082;6
tt0117333;6
tt0118789;7
tt0335119;7
tt0363226;6
tt0298845;7
tt0313443;6
tt0048545;8
tt0327056;8
tt0293508;8
tt0118583;6
tt0379577;6
tt0306734;6
tt0311429;7
tt0325805;6
tt0285823;7
tt0351461;7
tt0051459;8
tt0366532;6
tt0119223;6
tt0296915;8
tt2081437;6
tt2647544;5
tt0329388;7
tt0064106;6
tt0048281;8
tt0308514;7
tt0381681;7
tt0276437;7
tt0100150;7
tt0054039;7
tt0325710;6
tt0363589;6
tt0079668;6
tt0073747;7
tt0289879;7
tt0317740;7
tt0373930;7
tt0065777;6
tt0190590;7
tt0056687;8
tt0119177;9
tt0165832;7
tt0307901;7
tt0073453;6
tt0299658;7
tt0403452;7
tt0090366;6
tt0083851;7
tt0048028;7
tt0271259;6
tt0048254;6
tt0086216;7
tt0257756;6
tt0107529;6
tt0251091;7
tt0266489;7
tt0071746;8
tt0308383;7
tt0363303;7
tt0335245;7
tt0313542;7
tt0080749;8
tt0327546;7
tt0298228;7
tt0059646;7
tt0266465;6
tt0280949;6
tt0117958;7
tt0056291;7
tt0086541;7
tt0315983;7
tt0280990;6
tt0379217;7
tt0268126;7
tt0071877;7
tt0168786;7
tt0069293;10
tt0307479;7
tt0286106;7
tt0060268;6
tt0066434;6
tt0264395;7
tt0105414;7
tt0283530;7
tt0118926;7
tt0318462;7
tt0088323;7
tt0082176;8
tt0319061;7
tt0077402;7
tt0346336;7
tt0167260;6
tt0120663;8
tt0338135;7
tt0317248;8
tt0038650;7
tt0220580;7
tt0077294;7
tt0332605;7
tt0265709;6
tt0326036;7
tt0366900;7
tt0070030;7
tt0285052;7
tt0160399;7
tt0276919;9
tt0120655;6
tt0257850;7
tt0074512;7
tt0264464;7
tt0315733;7
tt0150216;7
tt0293416;8
tt0298130;7
tt0312549;8
tt0377569;6
tt0329575;7
tt0325980;7
tt0281820;6
tt0119347;6
tt0301727;8
tt0113184;7
tt0313670;6
tt0310154;8
tt0283139;7
tt0318997;8
tt0117737;6
tt0093822;7
tt0250258;7
tt0082348;7
tt0270288;7
tt0257044;6
tt0118564;6
tt0279064;7
tt0312571;8
tt0309377;6
tt0115033;7
tt0122648;6
tt0238891;8
tt0100685;6
tt0283900;6
tt0064873;6
tt0164184;6
tt0111797;7
tt0273069;7
tt0253200;7
tt0201631;8
tt0111001;6
tt0164003;6
tt0073631;6
tt0246894;4
tt0097216;8
tt0144201;7
tt0267626;6
tt0326977;7
tt0269095;6
tt0291579;7
tt0258068;7
tt0301414;7
tt0120706;7
tt0310793;10
tt0283832;7
tt0306456;7
tt0109890;6
tt0065724;7
tt0264616;7
tt0496806;6
tt0349903;6
tt0240772;7
tt0256359;7
tt0178642;7
tt0320193;8
tt0138704;8
tt0280653;8
tt0264935;6
tt0092906;6
tt0274711;7
tt0060390;6
tt0097607;7
tt0077631;6
tt0070948;7
tt0119657;6
tt0102307;7
tt0300140;7
tt0095250;6
tt0116136;7
tt0345561;6
tt0074851;8
tt0365410;8
tt0280665;7
tt0318411;8
tt0102456;7
tt0258153;6
tt0268695;6
tt0236784;6
tt0085398;7
tt0238924;7
tt0284491;7
tt0048750;7
tt0265086;7
tt0112288;8
tt0292610;6
tt0255195;7
tt0074285;8
tt0234805;7
tt2368716;8
tt0266987;7
tt0281364;7
tt0214265;7
tt0276501;7
tt0237534;7
tt0317965;8
tt0308071;7
tt0232500;6
tt0083866;8
tt0096336;7
tt0164961;7
tt0120824;7
tt0253612;7
tt0133152;6
tt0243133;8
tt0178868;8
tt0076155;7
tt0139654;8
tt0162650;6
tt0228333;6
tt0237572;7
tt0280491;7
tt0092965;8
tt0073114;7
tt0243232;6
tt0259711;8
tt0120834;8
tt0119809;7
tt0076666;7
tt0280707;7
tt0274155;7
tt0181536;7
tt0285742;8
tt0251160;7
tt0272152;8
tt0101273;7
tt0249462;7
tt0055614;6
tt0252501;6
tt0170016;6
tt0247082;8
tt0485301;8
tt0118055;7
tt0222368;6
tt0112740;7
tt0268380;7
tt0278731;8
tt0217505;7
tt0230600;9
tt0273517;7
tt0257360;7
tt0120681;7
tt0413300;5
tt0316654;5
tt0145487;6
tt0309698;6
tt0254455;7
tt0301357;7
tt0274558;7
tt0183649;8
tt0185937;7
tt0325655;7
tt0119375;7
tt0298203;6
tt0203009;9
tt0125659;10
tt0201840;7
tt0119227;6
tt0087050;6
tt0119485;8
tt0170259;6
tt0059297;6
tt0120449;7
tt0114808;6
tt0109579;7
tt0107156;7
tt0115625;7
tt0208911;6
tt0162766;6
tt0116830;7
tt0093940;7
tt0222150;7
tt0100168;7
tt0162661;8
tt0222851;7
tt0120907;8
tt0137494;7
tt0105187;7
tt0120324;7
tt0112688;7
tt0053925;6
tt0114788;6
tt0118760;7
tt0120794;8
tt0202249;7
tt0119643;6
tt0120861;7
tt0118074;6
tt0117883;8
tt0115479;8
tt0128442;7
tt0189981;7
tt0093668;6
tt0118043;6
tt0108550;7
tt0118819;7
tt0097841;8
tt0116295;7
tt0112817;8
tt0116277;6
tt0122735;7
tt0110882;8
tt0181578;6
tt0103129;6
tt0120533;7
tt0100491;7
tt0119978;7
tt0114096;7
tt0089881;8
tt0199683;6
tt0132905;7
tt0337103;4
tt0228786;7
tt0055824;7
tt0135007;6
tt0120102;7
tt0074258;7
tt0115832;7
tt0295959;6
tt0199727;6
tt0195234;6
tt0118644;7
tt0112401;6
tt0107209;6
tt0120866;8
tt0102487;7
tt0117069;7
tt0197094;7
tt0110729;8
tt0108059;7
tt0060490;7
tt0212513;6
tt0120731;7
tt0160644;7
tt0106834;7
tt0113269;6
tt0099334;8
tt0106332;8
tt0091954;7
tt0106601;6
tt0181396;6
tt0211492;7
tt0282701;7
tt0258967;7
tt0121766;6
tt0121765;6
tt0120915;6
tt0221027;7
tt0892791;8
tt0413267;8
tt0298148;8
tt0126029;8
tt0137363;7
tt0084784;6
tt0210065;7
tt0237539;7
tt0238660;6
tt0265930;6
tt0236493;7
tt0218967;7
tt0185014;7
tt0160484;7
tt0140397;6
tt0107611;6
tt0240913;7
tt0195685;7
tt0970866;6
tt0290002;6
tt0212338;8
tt0212826;7
tt0129167;7
tt0141926;7
tt0165929;6
tt0146309;7
tt0125664;7
tt0162222;8
tt0210727;8
tt0210382;7
tt0232083;6
tt0181865;8
tt0160916;6
tt0197384;6
tt0146838;8
tt0120616;6
tt0161081;6
tt0179626;7
tt0189584;8
tt0241303;7
tt0205271;7
tt0207201;7
tt0120595;8
tt0126886;7
tt0131369;6
tt0142688;7
tt0206093;7
tt0191636;7
tt0190332;9
tt0185125;6
tt0209189;7
tt0187738;6
tt0120611;6
tt0219854;6
tt0217869;8
tt0185183;6
tt0120188;7
tt0184858;7
tt0252985;6
tt0120797;6
tt0153464;6
tt0160797;7
tt0171359;7
tt0186151;7
tt0119592;8
tt0168629;7
tt0163988;7
tt0166252;6
tt0119008;7
tt0120891;7
tt0172396;7
tt0120657;7
tt0175880;8
tt0139809;7
tt0182295;6
tt0209958;6
tt0120601;7
tt0158811;6
tt0184894;6
tt0172493;6
tt0165798;8
tt0151137;8
tt0183523;6
tt0164212;7
tt0204709;8
tt0120587;8
tt0080157;6
tt0111756;6
tt0111742;6
tt0120514;7
tt0086567;7
tt0086425;6
tt0090180;8
tt0097027;7
tt0114069;6
tt0113627;9
tt0080661;7
tt0110322;7
tt0090756;8
tt0087553;10
tt0105046;8
tt0058586;6
tt0108399;7
tt0110917;8
tt0084732;7
tt0076085;7
tt0096463;6
tt0072288;8
tt0064665;7
tt0068473;7
tt0044081;6
tt0095159;7
tt0107808;9
tt0077235;9
tt0106856;8
tt0107247;7
tt0112980;7
tt0105682;9
tt0102220;7
tt0099040;8
tt0106452;6
tt0116422;7
tt0098051;7
tt0117998;7
tt0129387;6
tt0074119;8
tt0117990;6
tt0116242;8
tt0100699;8
tt0090217;7
tt0094606;7
tt0096316;7
tt0111503;6
tt0107983;6
tt0112744;8
tt0083806;8
tt0170705;8
tt0105813;6
tt0088286;6
tt0084805;7
tt0099819;6
tt0103074;8
tt0080117;7
tt0108473;7
tt0108170;7
tt0073629;9
tt0117500;7
tt0110997;7
tt0119874;7
tt0113957;7
tt0120753;7
tt0091209;7
tt0455960;6
tt0120662;7
tt0112887;6
tt0092843;8
tt0101605;7
tt0096754;7
tt0100442;7
tt0114671;7
tt0090130;6
tt0096219;8
tt0090095;8
tt0098577;7
tt0093565;6
tt0083190;7
tt0102849;7
tt0118460;6
tt0116905;6
tt0088172;7
tt0111282;6
tt0081554;7
tt0116409;7
tt0111257;7
tt0054331;7
tt0109444;7
tt0097328;6
tt0107969;6
tt0114478;7
tt0120148;7
tt0117665;8
tt0100140;7
tt0105415;7
tt0078966;7
tt0090022;7
tt0117631;7
tt0098724;7
tt0070666;7
tt0117589;7
tt0079180;6
tt0084646;7
tt0114367;7
tt0117381;7
tt0105323;6
tt0081455;6
tt0079285;6
tt0120815;8
tt0093260;7
tt0067698;8
tt0114319;7
tt0088024;7
tt0093886;7
tt0063522;9
tt0122690;6
tt0093870;7
tt0102798;6
tt0102797;6
tt0114287;7
tt0117364;8
tt0099088;7
tt0096874;7
tt0099703;6
tt0100224;7
tt0081427;7
tt0107048;8
tt0085794;7
tt0462499;7
tt0095953;8
tt0082970;9
tt0114388;6
tt0110932;8
tt0071771;6
tt0075784;7
tt0107943;8
tt0109831;7
tt0093044;7
tt0033467;9
tt0091983;7
tt0155975;6
tt0076574;7
tt0114214;7
tt0073580;8
tt0115645;7
tt0110907;6
tt0094082;7
tt0113303;6
tt0093773;8
tt0098068;7
tt0118548;7
tt0101921;8
tt0084516;7
tt0102685;7
tt0091757;7
tt0090357;7
tt0107920;6
tt0107426;8
tt0111149;7
tt0058213;7
tt0107818;7
tt0091396;7
tt0063462;6
tt0061655;8
tt0091738;7
tt0097162;7
tt0053143;7
tt0119079;7
tt0086984;7
tt0087814;9
tt0107843;7
tt0113986;6
tt0100263;8
tt0107688;9
tt0087800;7
tt1179056;5
tt0111686;6
tt0114007;8
tt0097965;7
tt0102526;6
tt0081562;6
tt0091637;6
tt0107206;6
tt0113403;8
tt0107653;6
tt0100211;9
tt0110074;7
tt0100200;7
tt0082158;8
tt0107616;8
tt0107507;7
tt0095647;9
tt0117060;7
tt0091530;7
tt0084335;8
tt0100157;8
tt0113972;6
tt0117039;7
tt0117038;7
tt0113896;7
tt0120912;7
tt0119654;7
tt0102426;7
tt0110478;6
tt0117002;7
tt0116996;7
tt0058329;7
tt0091474;8
tt0104431;7
tt0099785;8
tt0107497;7
tt0104798;6
tt0104797;8
tt0089530;8
tt0067372;8
tt0104783;7
tt0066026;7
tt0107468;8
tt0102116;7
tt0182789;8
tt0102469;6
tt0118972;6
tt0056193;7
tt0110365;7
tt0099582;7
tt0107822;9
tt0094263;7
tt0094332;6
tt0097074;7
tt0124315;6
tt0139462;7
tt0115751;7
tt0110598;7
tt0156729;8
tt0101640;8
tt0118636;8
tt0089457;7
tt0110296;7
tt0085407;7
tt0110684;7
tt0091419;7
tt0072081;8
tt0078163;8
tt0057413;8
tt0110428;7
tt0118528;7
tt0075066;8
tt0100258;6
tt0063350;9
tt0091064;8
tt0104070;6
tt0104036;7
tt0089755;9
tt0106664;7
tt0113501;6
tt0144214;7
tt0106220;6
tt0101272;7
tt0053779;6
tt0082351;7
tt0074695;6
tt0071360;7
tt0059274;7
tt0092991;7
tt0083907;7
tt0065446;7
tt0097351;8
tt0062824;6
tt0049470;7
tt0093389;7
tt0104691;9
tt0095800;9
tt0089841;7
tt0104756;7
tt0074811;8
tt0106226;9
tt0106308;7
tt0090350;7
tt0098197;8
tt0093185;7
tt0113362;7
tt0095497;7
tt0083232;7
tt0115561;7
tt0053604;7
tt0082776;6
tt0099939;6
tt0110265;6
tt0097662;6
tt0116745;7
tt0107302;7
tt0102175;7
tt0055032;7
tt0138541;7
tt0102164;7
tt0097626;7
tt0113463;6
tt0099864;6
tt0074937;7
tt0096193;6
tt0110148;7
tt0077742;7
tt0082694;8
tt0079501;8
tt0128278;7
tt0108160;6
tt0140352;7
tt0094964;8
tt0105691;7
tt0174204;6
tt0075860;10
tt0105265;7
tt0120710;7
tt0087075;9
tt0114852;6
tt0054443;7
tt0073906;7
tt0100594;8
tt0056512;7
tt0106918;7
tt0113409;7
tt0107798;7
tt0113071;6
tt0114594;7
tt0065988;7
tt0095869;6
tt0049223;6
tt0063442;8
tt0116209;8
tt0077663;8
tt0091605;7
tt0070909;7
tt0117913;7
tt0100486;7
tt0090310;7
tt0097937;9
tt0087781;9
tt0091554;7
tt0074860;8
tt0070334;7
tt0104663;7
tt0071577;7
tt0085244;8
tt0107040;7
tt0327437;6
tt0106977;7
tt0072608;7
tt0099165;6
tt0112857;7
tt0102638;7
tt0109506;7
tt0088939;8
tt0090863;7
tt0119468;6
tt0109446;7
tt0089767;7
tt1095217;6
tt0103759;7
tt0068346;7
tt0071229;6
tt0113552;7
tt0089424;7
tt0069466;6
tt0073802;9
tt0077269;7
tt0086066;9
tt0105151;7
tt0112579;7
tt0085891;7
tt0080641;6
tt0080120;8
tt0089218;7
tt0077405;7
tt0097322;7
tt0075968;8
tt3444066;8
tt0081071;6
tt0080855;6
tt0174856;7
tt0091225;7
tt0063415;7
tt0110027;6
tt0102034;1
tt0091203;8
tt0124718;7
tt0171363;6
tt0098635;9
tt0087386;7
tt0104684;7
tt0078490;7
tt0090728;8
tt0092804;8
tt0087363;7
tt0085615;7
tt0095243;7
tt0093105;8
tt0097441;7
tt0045810;7
tt0056869;8
tt0105695;8
tt0094226;8
tt0113347;6
tt0056264;7
tt0076245;8
tt0067140;9
tt0110950;6
tt0105112;7
tt0093073;7
tt0097428;7
tt0087332;8
tt0099653;7
tt0094142;7
tt0068638;7
tt0113161;6
tt0107004;7
tt0081283;8
tt0072274;7
tt0077588;6
tt0101393;7
tt0077928;8
tt0116225;6
tt0079116;7
tt0113117;6
tt0106965;6
tt0095174;8
tt0099612;6
tt0072431;9
tt0109836;7
tt0108026;6
tt0113097;7
tt0104940;7
tt0087262;7
tt0106881;9
tt0109779;7
tt0071486;6
tt0089126;8
tt0077531;7
tt0116250;6
tt0096256;6
tt0104412;7
tt0099487;7
tt0109707;7
tt0077482;6
tt0064276;7
tt0087182;8
tt0033563;9
tt0067023;8
tt0077474;7
tt0021814;6
tt0105217;7
tt0109642;8
tt0074156;6
tt0099423;6
tt0095016;9
tt0112864;7
tt0099422;7
tt0116095;6
tt0156934;7
tt0092699;7
tt0083908;6
tt0092851;7
tt0099365;7
tt0095963;7
tt0104231;6
tt0100935;8
tt0110771;7
tt0090886;7
tt0105120;7
tt0080736;6
tt0087089;7
tt0107665;6
tt0068762;8
tt0091949;7
tt0118884;8
tt0112715;6
tt0118880;7
tt0074991;7
tt0070903;7
tt0077355;7
tt0094894;7
tt0104257;8
tt0088933;8
tt0106582;6
tt0109445;7
tt0120632;7
tt0115907;7
tt0069865;6
tt0096438;8
tt0103939;7
tt0099091;6
tt2243973;8
tt0074292;6
tt0104454;7
tt0109382;7
tt0106519;8
tt0101540;7
tt0091867;6
tt0092226;6
tt0099810;7
tt0068327;8
tt0075793;6
tt0112604;7
tt0094812;6
tt0101516;7
tt0080474;8
tt0106489;7
tt0115759;6
tt0082089;6
tt0088846;6
tt0103874;8
tt0085271;7
tt0101507;6
tt0171804;7
tt0112541;7
tt0109303;6
tt0082085;7
tt0075765;7
tt0096933;7
tt0086969;8
tt0085240;7
tt0094731;6
tt0092641;7
tt0075742;7
tt0094721;7
tt0118688;6
tt0112462;7
tt0096895;7
tt0094712;6
tt0099348;8
tt0095801;7
tt0112431;10
tt0104850;6
tt0133952;7
tt0082869;7
tt0118261;6
tt0036613;7
tt0120591;6
tt0093409;7
tt0118635;6
tt0112384;8
tt0166485;8
tt0092563;8
tt0099044;6
tt0104511;7
tt0104348;7
tt0069704;9
tt0108122;9
tt0096794;7
tt0146882;6
tt0099871;8
tt0088011;7
tt0099012;7
tt0116913;8
tt0118571;7
tt0099005;6
tt0086491;6
tt0109040;6
tt0093467;6
tt0097239;8
tt0090670;7
tt0113321;7
tt0096744;6
tt0090568;6
tt0108149;7
tt0083511;6
tt0082340;8
tt0078723;6
tt0103594;8
tt0066730;6
tt0074084;8
tt0181689;8
tt0200550;1
tt1001482;5
tt2084970;8
tt1713938;5
tt2179136;7
tt2249364;8
tt1117667;5
tt3498622;7
tt3552166;7
tt0095836;7
tt0095333;6
tt2382396;6
tt2234222;6
tt2717860;6
tt0768212;6
tt1531924;6
tt1976000;6
tt1528100;6
tt0816692;8
tt1966604;7
tt0071994;8
tt3061836;4
tt0242653;1
tt0234215;4
tt3560060;5
tt0383028;7
tt0247586;7
tt0292542;8
tt2345737;6
tt1516002;6
tt2802850;9
tt0361127;7
tt3894190;7
tt2647586;6
tt0865546;5
tt2562232;8
tt2218003;6
tt2872718;7
tt0499570;6
tt1253863;6
tt0416449;7
tt0244244;6
tt0458481;7
tt0067116;8
tt0478304;8
tt0402399;8
tt0120863;9
tt0138304;6
tt0057261;8
tt0100054;8
tt1790864;6
tt1441395;5
tt1872194;6
tt0242527;7
tt0455944;6
tt0265666;8
tt0362270;7
tt0838221;7
tt1748122;7
tt2278388;7
tt1475582;9
tt1085779;7
tt2296682;6
tt1600196;7
tt0460681;6
tt0138097;9
tt0238112;6
tt0377107;7
tt0443559;7
tt1226753;8
tt0435651;6
tt0914387;8
tt2427220;6
tt1843230;6
tt0952682;6
tt1675192;8
tt1935179;8
tt1440345;6
tt2937900;8
tt1300851;7
tt0144117;7
tt1272878;7
tt0379725;8
tt0420609;7
tt0061809;7
tt2872732;8
tt2015381;8
tt2693776;5
tt2884206;7
tt0258000;7
tt0119174;7
tt0103644;7
tt0443706;8
tt1568346;6
tt1285016;8
tt0421715;5
tt0114681;7
tt0101669;7
tt0099077;5
tt0099204;6
tt0101889;7
tt0102057;6
tt0113497;6
tt0212720;8
tt0278504;7
tt0120716;6
tt0120889;7
tt0129290;5
tt0265459;7
tt0364343;7
tt2004420;5
tt2172584;1
tt0881934;7
tt1790885;8
tt0443272;9
tt3078718;5
tt0115151;7
tt0376136;7
tt1266029;7
tt1411250;6
tt1979320;8
tt2377322;6
tt0961728;7
tt0066769;7
tt1023114;7
tt2364582;5
tt0424600;6
tt0113101;5
tt1318514;8
tt0808279;8
tt0119167;8
tt0311113;8
tt0097165;8
tt0091557;7
tt0090329;7
tt0086617;8
tt0082432;9
tt0076299;7
tt0073540;10
tt2103281;7
tt0254686;7
tt2675914;7
tt1065073;8
tt2975578;5
tt1182350;7
tt0497465;6
tt0795493;9
tt0457513;7
tt0416320;7
tt0378947;7
tt0313792;7
tt0278823;7
tt0256524;7
tt0196216;7
tt0158371;8
tt0118954;8
tt0113819;7
tt0109348;8
tt0104466;8
tt0105378;8
tt0097123;8
tt0094663;9
tt0093818;9
tt0091167;8
tt0089853;7
tt0087003;7
tt0086637;10
tt0084329;8
tt0079522;8
tt0073312;10
tt0070707;9
tt0068555;6
tt0069097;8
tt0066808;9
tt0065063;9
tt0119396;7
tt0116367;7
tt0091886;8
tt0096969;8
tt0102138;10
tt0117318;7
tt0110632;8
tt0130827;7
tt0203632;7
tt0246677;7
tt0396171;7
tt1587310;4
tt0944947;6
tt0773262;9
tt1856010;6
tt2402207;6
tt2322158;5
tt1375666;9
tt1723121;3
tt0386117;7
tt1899353;6
tt0345061;4
tt0212712;8
tt0376994;7
tt0211946;6
tt2024469;6
tt1666335;6
tt2103085;8
tt1877832;8
tt1270798;8
tt0290334;8
tt0120903;8
tt0458525;7
tt2406992;5
tt0831387;5
tt1872181;1
tt2443340;8
tt1853739;7
tt0092618;6
tt2692904;8
tt2647258;1
tt1540741;6
tt2390361;6
tt3148468;5
tt1151359;6
tt2388715;7
tt1631867;7
tt2209764;7
tt0118421;9
tt1840309;3
tt0134119;8
tt1152836;7
tt0084412;5
tt1798709;9
tt0141842;8
tt2496366;7
tt0405296;8
tt1609479;5
tt0948547;7
tt1594562;3
tt2023690;6
tt0288477;6
tt2049116;5
tt0093605;6
tt0085872;5
tt1843866;7
tt0119038;6
tt0427152;6
tt1210042;6
tt2059255;7
tt1196946;1
tt1219289;7
tt1670345;6
tt2039345;5
tt0384537;7
tt1228987;7
tt0756683;7
tt0995039;6
tt0262826;8
tt1212419;8
tt1649419;6
tt1232776;7
tt0285403;10
tt0898266;10
tt1204975;6
tt0376968;6
tt0110005;7
tt2778518;5
tt1817273;8
tt1490017;8
tt1217637;7
tt2250282;3
tt0116365;5
tt1440129;6
tt0206314;6
tt1684233;6
tt0431197;7
tt1091191;6
tt2032557;7
tt2094262;7
tt1545759;7
tt1425253;6
tt1741542;7
tt0387898;7
tt0451094;7
tt0364569;8
tt0310775;7
tt0166924;8
tt1538403;5
tt1590961;5
tt2017109;3
tt1840417;5
tt0268995;7
tt0107290;7
tt0947798;7
tt0040746;10
tt0049406;7
tt0114787;5
tt0120382;9
tt0118694;9
tt0058461;9
tt0154420;7
tt0054997;8
tt0061722;8
tt0072684;9
tt0112471;8
tt1130884;8
tt0113247;9
tt0072890;8
tt0075148;7
tt0079944;9
tt0088247;9
tt0114746;8
tt0073195;9
tt0038787;8
tt0440963;7
tt0246578;8
tt0107207;9
tt0405159;7
tt0469494;9
tt0052618;7
tt0848228;7
tt0032138;8
tt0245712;8
tt0092005;9
tt0074958;8
tt0052311;7
tt0079470;9
tt0401792;8
tt0266543;6
tt0075686;10
tt0477348;8
tt0091763;8
tt0046912;9
tt0268978;8
tt0084787;9
tt0064115;9
tt0167404;9
tt0395169;7
tt0758758;10
tt0117951;10
tt0347149;9
tt0116282;8
tt0061512;7
tt0077416;8
tt0434409;7
tt0112641;8
tt1305806;10
tt0118715;8
tt1205489;6
tt0119217;8
tt0120735;7
tt0083658;10
tt0080678;9
tt0113277;8
tt0047296;7
tt0457430;8
tt0363163;7
tt0086250;9
tt0071315;8
tt0081398;8
tt0012349;10
tt0097576;9
tt0059578;9
tt0208092;7
tt0086879;9
tt0040522;7
tt0093058;10
tt0338013;8
tt0056172;9
tt0112573;7
tt0086190;10
tt0180093;8
tt0087843;10
tt0105236;10
tt0075314;8
tt0066921;9
tt0052357;8
tt0090605;8
tt0211915;9
tt0053125;7
tt0169547;7
tt0050825;8
tt0095765;7
tt0081505;9
tt0405094;7
tt0482571;8
tt0078748;9
tt0088763;8
tt0172495;7
tt0407887;7
tt0120689;7
tt0078788;10
tt0253474;7
tt0057012;8
tt0027977;10
tt0103064;8
tt0209144;10
tt1675434;8
tt0245429;9
tt0047396;9
tt0054215;10
tt0120586;8
tt0082971;9
tt0118799;7
tt0034583;7
tt0110413;8
tt0064116;10
tt0102926;9
tt0114814;10
tt0114369;8
tt0133093;9
tt0076759;10
tt0099685;8
tt0167261;7
tt0073486;8
tt0109830;8
tt0080684;9
tt0120737;8
tt0137523;8
tt0050083;8
tt0108052;8
tt0060196;8
tt0071562;9
tt0068646;10
tt0111161;9
tt1010048;3
tt2771372;4
tt1714208;1
tt1590089;7
tt0790636;8
tt1205537;5
tt1904996;6
tt0770828;6
tt2226417;1
tt2465578;7
tt1234721;7
tt1433811;8
tt1170358;6
tt1535109;8
tt1951264;6
tt1058017;6
tt0913354;6
tt0290978;7
tt2668134;7
tt1496422;5
tt0486657;7
tt2103217;6
tt2334873;7
tt2357129;6
tt2193215;7
tt1321511;6
tt0359950;7
tt1614989;6
tt2002718;3
tt0110912;9
tt1092026;4
tt1713476;6
tt2132285;6
tt0424136;7
tt1499658;6
tt0133412;6
tt1512235;1
tt3374966;7
tt0074559;4
tt1509636;6
tt0120383;6
tt0144084;6
tt0421082;7
tt1651328;6
tt2387433;6
tt1859650;1
tt1731141;7
tt2005374;6
tt1893256;7
tt1034331;6
tt3066270;1
tt1935914;6
tt1939659;7
tt0296572;6
tt1213663;6
tt1167638;6
tt2197797;5
tt0117438;7
tt2106476;8
tt1214962;6
tt1429534;8
tt0804461;4
tt1821694;3
tt1553656;1
tt1844624;8
tt1245526;6
tt1337057;6
tt0493464;7
tt0882977;6
tt1464540;6
tt1822448;5
tt1454468;8
tt0401085;6
tt0070735;8
tt1212452;1
tt1059475;8
tt2370096;7
tt0373450;7
tt1535108;6
tt1797629;4
tt0426883;7
tt1212450;7
tt1770734;7
tt1855199;7
tt0947810;7
tt0896798;6
tt2053463;7
tt1455810;5
tt1480656;5
tt2078552;7
tt1334102;4
tt1430132;1
tt0323944;7
tt0306414;9
tt1457767;6
tt1663662;6
tt2358891;7
tt1658837;6
tt0816711;6
tt1815862;7
tt0477071;5
tt0454848;7
tt1437358;7
tt0104427;7
tt1602613;7
tt2302755;6
tt0448134;7
tt0062622;10
tt0086837;7
tt1646973;7
tt1416801;6
tt0450843;5
tt1408101;6
tt0106912;6
tt1220198;6
tt0466664;7
tt0097100;5
tt1121958;8
tt0160904;8
tt1229381;7
tt0270259;7
tt0480255;6
tt2577652;3
tt1242545;7
tt0870111;9
tt1258972;6
tt2523600;6
tt1224366;6
tt1228705;3
tt0371746;7
tt1404082;6
tt1659337;7
tt0058700;7
tt1217613;1
tt0112769;7
tt1924429;7
tt1483013;8
tt0204137;6
tt1512240;6
tt1242422;7
tt0862467;7
tt1327801;1
tt0413573;1
tt1027718;5
tt1288558;6
tt1172570;6
tt2101341;6
tt2262308;6
tt2071500;5
tt2226407;6
tt0117407;7
tt0396184;7
tt0425379;7
tt0975645;8
tt1560747;7
tt1649444;3
tt1559547;5
tt1682180;7
tt2023587;6
tt1549572;7
tt1374992;3
tt1922777;3
tt1697064;7
tt0381505;7
tt1186356;8
tt0487831;8
tt1634121;5
tt0448694;7
tt0379786;8
tt1276104;7
tt1321870;6
tt1235522;6
tt0470705;7
tt1907668;7
tt1853728;7
tt2071645;4
tt1839683;8
tt1371111;7
tt1313092;7
tt1601913;7
tt0790724;6
tt1796960;8
tt1462059;5
tt0454876;8
tt1454029;6
tt0990407;5
tt1931533;7
tt1520211;9
tt1299368;8
tt1748179;7
tt1989475;5
tt2085059;9
tt1442462;8
tt0489281;6
tt1397280;4
tt0431021;6
tt1400515;4
tt0120184;5
tt0938330;3
tt1764234;6
tt0783233;7
tt1726669;6
tt1616195;6
tt0468492;7
tt1024648;7
tt1074638;6
tt0840361;7
tt0118929;8
tt0478134;8
tt0393109;6
tt1615065;7
tt0154506;9
tt0472071;6
tt0935075;7
tt1547234;6
tt1386703;5
tt0903624;8
tt1440728;7
tt1033575;8
tt1423894;8
tt0131097;7
tt0064020;6
tt0472399;6
tt1298554;7
tt0372183;7
tt0258463;7
tt1194173;7
tt1464580;7
tt1315981;6
tt1139797;8
tt1340800;6
tt1991245;7
tt1321860;7
tt0830515;8
tt0905372;6
tt1389127;7
tt1486192;6
tt1615147;7
tt0381061;5
tt1611224;6
tt0094315;8
tt1504320;7
tt1330525;6
tt0948470;4
tt1123373;8
tt1735898;6
tt1512685;7
tt1340107;9
tt1821681;4
tt1448755;6
tt1291584;8
tt0964517;7
tt1565068;7
tt1740707;6
tt1570728;7
tt1656192;6
tt1091909;8
tt1592525;1
tt1392170;2
tt1077368;6
tt1934234;8
tt1409024;7
tt1839578;2
tt1320239;7
tt1529336;7
tt0087175;6
tt1176252;4
tt1723811;7
tt1189340;6
tt1637688;5
tt1185836;6
tt0475169;7
tt0970179;6
tt0340855;7
tt1605783;7
tt0896872;8
tt2177511;5
tt1022603;6
tt1893195;6
tt0102494;7
tt0212797;7
tt0448157;7
tt1528312;7
tt1462667;5
tt1596365;5
tt1674784;1
tt1772250;8
tt1524137;7
tt1441326;7
tt1196204;6
tt1496025;6
tt0295254;1
tt1316622;4
tt1568338;5
tt1242460;7
tt1661420;7
tt1489428;8
tt1229238;5
tt1599348;6
tt0119225;7
tt1637727;8
tt1506999;7
tt1706593;7
tt0977855;7
tt1571222;8
tt1692486;7
tt1637687;6
tt1270761;5
tt1687901;7
tt1124035;7
tt1039652;7
tt1242432;1
tt1334260;8
tt0993842;4
tt0387877;7
tt0480025;7
tt0458339;4
tt0800369;7
tt1133985;5
tt0177746;7
tt0364970;3
tt1131734;1
